requested_current_A_m2,transport_limited_current_A_m2,growth_velocity_m_s
0.0,0.0,0.0
13.019707466795177,13.019707466795177,4.545835843373492e-10
26.039414933590354,26.039414933590354,9.091671686746984e-10
39.05912240038553,39.05912240038553,1.363750753012048e-09
52.07882986718071,52.07882986718071,1.8183343373493969e-09
65.09853733397588,65.09853733397588,2.272917921686746e-09
78.11824480077107,78.11824480077107,2.727501506024096e-09
91.13795226756623,91.13795226756623,3.1820850903614444e-09
104.15765973436142,104.15765973436142,3.6366686746987938e-09
117.1773672011566,117.1773672011566,4.0912522590361436e-09
130.19707466795177,130.19707466795177,4.545835843373492e-09
143.21678213474695,143.21678213474695,5.0004194277108415e-09
156.23648960154213,156.23648960154213,5.455003012048192e-09
169.25619706833731,169.25619706833731,5.90958659638554e-09
182.27590453513247,182.27590453513247,6.364170180722889e-09
195.29561200192765,195.29561200192765,6.818753765060239e-09
208.31531946872283,208.31531946872283,7.2733373493975875e-09
221.33502693551802,221.33502693551802,7.727920933734938e-09
234.3547344023132,234.3547344023132,8.182504518072287e-09
247.37444186910835,247.37444186910835,8.637088102409635e-09
260.39414933590353,260.39414933590353,9.091671686746984e-09
273.4138568026987,273.4138568026987,9.546255271084335e-09
286.4335642694939,286.4335642694939,1.0000838855421683e-08
299.4532717362891,299.4532717362891,1.0455422439759032e-08
312.47297920308426,312.47297920308426,1.0910006024096383e-08
325.49268666987945,325.49268666987945,1.1364589608433731e-08
338.51239413667463,338.51239413667463,1.181917319277108e-08
351.53210160346975,351.53210160346975,1.227375677710843e-08
364.55180907026494,364.55180907026494,1.2728340361445778e-08
377.5715165370601,377.5715165370601,1.3182923945783127e-08
390.5912240038553,390.5912240038553,1.3637507530120478e-08
403.6109314706505,403.6109314706505,1.4092091114457826e-08
416.63063893744567,416.63063893744567,1.4546674698795175e-08
429.65034640424085,429.65034640424085,1.5001258283132524e-08
442.67005387103603,442.67005387103603,1.5455841867469875e-08
455.6897613378312,455.6897613378312,1.5910425451807223e-08
468.7094688046264,468.7094688046264,1.6365009036144574e-08
481.7291762714216,481.7291762714216,1.6819592620481922e-08
494.7488837382167,494.7488837382167,1.727417620481927e-08
507.7685912050119,507.7685912050119,1.772875978915662e-08
520.7882986718071,520.7882986718071,1.818334337349397e-08
533.8080061386023,533.8080061386023,1.8637926957831323e-08
546.8277136053974,546.8277136053974,1.909251054216867e-08
559.8474210721926,559.8474210721926,1.9547094126506015e-08
572.8671285389878,572.8671285389878,2.0001677710843366e-08
585.8868360057829,585.8868360057829,2.0456261295180714e-08
598.9065434725782,598.9065434725782,2.0910844879518065e-08
611.9262509393733,611.9262509393733,2.1365428463855416e-08
624.9459584061685,624.9459584061685,2.1820012048192767e-08
637.9656658729637,637.9656658729637,2.227459563253011e-08
650.9853733397589,650.9853733397589,2.2729179216867462e-08
664.005080806554,664.005080806554,2.318376280120481e-08
677.0247882733493,677.0247882733493,2.363834638554216e-08
690.0444957401444,690.0444957401444,2.4092929969879512e-08
703.0642032069395,703.0642032069395,2.454751355421686e-08
716.0839106737347,716.0839106737347,2.500209713855421e-08
729.1036181405299,729.1036181405299,2.5456680722891555e-08
742.1233256073251,742.1233256073251,2.5911264307228906e-08
755.1430330741202,755.1430330741202,2.6365847891566254e-08
768.1627405409155,768.1627405409155,2.6820431475903608e-08
781.1824480077106,781.1824480077106,2.7275015060240956e-08
794.2021554745058,794.2021554745058,2.7729598644578307e-08
807.221862941301,807.221862941301,2.818418222891565e-08
820.2415704080962,820.2415704080962,2.8638765813253002e-08
833.2612778748913,833.2612778748913,2.909334939759035e-08
846.2809853416865,846.2809853416865,2.95479329819277e-08
859.3006928084817,859.3006928084817,3.000251656626505e-08
872.3204002752768,872.3204002752768,3.0457100150602397e-08
885.3401077420721,885.3401077420721,3.091168373493975e-08
898.3598152088672,898.3598152088672,3.13662673192771e-08
911.3795226756624,911.3795226756624,3.1820850903614446e-08
924.3992301424576,924.3992301424576,3.22754344879518e-08
937.4189376092528,937.4189376092528,3.273001807228915e-08
950.4386450760479,950.4386450760479,3.3184601656626496e-08
963.4583525428432,963.4583525428432,3.3639185240963844e-08
976.4780600096383,976.4780600096383,3.409376882530119e-08
989.4977674764334,989.4977674764334,3.454835240963854e-08
1002.5174749432286,1002.5174749432286,3.5002935993975894e-08
1015.5371824100238,1015.5371824100238,3.545751957831324e-08
1028.556889876819,1028.556889876819,3.591210316265059e-08
1041.5765973436141,1041.5765973436141,3.636668674698794e-08
1054.5963048104093,1054.5963048104093,3.6821270331325285e-08
1067.6160122772046,1067.6160122772046,3.7275853915662646e-08
1080.6357197439997,1080.6357197439997,3.773043749999999e-08
1093.6554272107949,1093.6554272107949,3.818502108433734e-08
1106.67513467759,1106.67513467759,3.863960466867468e-08
1119.6948421443851,1119.6948421443851,3.909418825301203e-08
1132.7145496111805,1132.7145496111805,3.9548771837349384e-08
1145.7342570779756,1145.7342570779756,4.000335542168673e-08
1158.7539645447707,1158.7539645447707,4.045793900602408e-08
1171.7736720115658,1171.7736720115658,4.091252259036143e-08
1184.7933794783612,1184.7933794783612,4.136710617469878e-08
1197.8130869451563,1197.8130869451563,4.182168975903613e-08
1210.8327944119515,1210.8327944119515,4.2276273343373484e-08
1223.8525018787466,1223.8525018787466,4.273085692771083e-08
1236.872209345542,1236.872209345542,4.3185440512048186e-08
1249.891916812337,1249.891916812337,4.3640024096385533e-08
1262.9116242791322,1262.9116242791322,4.409460768072288e-08
1275.9313317459273,1275.9313317459273,4.454919126506022e-08
1288.9510392127224,1288.9510392127224,4.500377484939757e-08
1301.9707466795178,1301.9707466795178,4.5458358433734924e-08
1314.990454146313,1314.990454146313,4.591294201807227e-08
1328.010161613108,1328.010161613108,4.636752560240962e-08
1341.0298690799032,1341.0298690799032,4.682210918674697e-08
1354.0495765466985,1354.0495765466985,4.727669277108432e-08
1367.0692840134936,1367.0692840134936,4.773127635542167e-08
1380.0889914802888,1380.0889914802888,4.8185859939759024e-08
1393.108698947084,1393.108698947084,4.864044352409637e-08
1406.128406413879,1406.128406413879,4.909502710843372e-08
1419.1481138806744,1419.1481138806744,4.9549610692771074e-08
1432.1678213474695,1432.1678213474695,5.000419427710842e-08
1445.1875288142646,1445.1875288142646,5.045877786144576e-08
1458.2072362810597,1458.2072362810597,5.091336144578311e-08
1471.226943747855,1471.226943747855,5.1367945030120465e-08
1484.2466512146502,1484.2466512146502,5.182252861445781e-08
1497.2663586814454,1497.2663586814454,5.227711219879516e-08
1510.2860661482405,1510.2860661482405,5.273169578313251e-08
1523.3057736150358,1523.3057736150358,5.318627936746986e-08
1536.325481081831,1536.325481081831,5.3640862951807216e-08
1549.345188548626,1549.345188548626,5.4095446536144564e-08
1562.3648960154212,1562.3648960154212,5.455003012048191e-08
1575.3846034822163,1575.3846034822163,5.500461370481926e-08
1588.4043109490117,1588.4043109490117,5.5459197289156614e-08
1601.4240184158068,1601.4240184158068,5.591378087349396e-08
1614.443725882602,1614.443725882602,5.63683644578313e-08
1627.463433349397,1627.463433349397,5.682294804216865e-08
1640.4831408161924,1640.4831408161924,5.7277531626506005e-08
1653.5028482829875,1653.5028482829875,5.773211521084335e-08
1666.5225557497827,1666.5225557497827,5.81866987951807e-08
1679.5422632165778,1679.5422632165778,5.864128237951805e-08
1692.561970683373,1692.561970683373,5.90958659638554e-08
1705.5816781501683,1705.5816781501683,5.9550449548192757e-08
1718.6013856169634,1718.6013856169634,6.00050331325301e-08
1731.6210930837585,1731.6210930837585,6.045961671686745e-08
1744.6408005505536,1744.6408005505536,6.091420030120479e-08
1757.660508017349,1757.660508017349,6.136878388554215e-08
1770.6802154841441,1770.6802154841441,6.18233674698795e-08
1783.6999229509393,1783.6999229509393,6.227795105421685e-08
1796.7196304177344,1796.7196304177344,6.27325346385542e-08
1809.7393378845295,1809.7393378845295,6.318711822289155e-08
1822.7590453513249,1822.7590453513249,6.364170180722889e-08
1835.77875281812,1835.77875281812,6.409628539156624e-08
1848.798460284915,1848.798460284915,6.45508689759036e-08
1861.8181677517102,1861.8181677517102,6.500545256024094e-08
1874.8378752185056,1874.8378752185056,6.54600361445783e-08
1887.8575826853007,1887.8575826853007,6.591461972891564e-08
1900.8772901520958,1900.8772901520958,6.636920331325299e-08
1913.896997618891,1913.896997618891,6.682378689759034e-08
1926.9167050856863,1926.9167050856863,6.727837048192769e-08
1939.9364125524814,1939.9364125524814,6.773295406626504e-08
1952.9561200192766,1952.9561200192766,6.818753765060238e-08
1965.9758274860717,1965.9758274860717,6.864212123493973e-08
1978.9955349528668,1978.9955349528668,6.909670481927708e-08
1992.0152424196622,1992.0152424196622,6.955128840361444e-08
2005.0349498864573,2005.0349498864573,7.000587198795179e-08
2018.0546573532524,2018.0546573532524,7.046045557228914e-08
2031.0743648200475,2031.0743648200475,7.091503915662648e-08
2044.094072286843,2044.094072286843,7.136962274096384e-08
2057.113779753638,2057.113779753638,7.182420632530118e-08
2070.1334872204334,2070.1334872204334,7.227878990963854e-08
2083.1531946872283,2083.1531946872283,7.273337349397587e-08
2096.1729021540236,2096.1729021540236,7.318795707831323e-08
2109.1926096208185,2109.1926096208185,7.364254066265057e-08
2122.212317087614,2122.212317087614,7.409712424698793e-08
2135.2320245544092,2135.2320245544092,7.455170783132529e-08
2148.251732021204,2148.251732021204,7.500629141566263e-08
2161.2714394879995,2161.2714394879995,7.546087499999999e-08
2174.2911469547944,2174.2911469547944,7.591545858433731e-08
2187.3108544215897,2187.3108544215897,7.637004216867468e-08
2200.330561888385,2200.330561888385,7.682462575301202e-08
2213.35026935518,2213.35026935518,7.727920933734936e-08
2226.3699768219753,2226.3699768219753,7.773379292168671e-08
2239.3896842887702,2239.3896842887702,7.818837650602406e-08
2252.4093917555656,2252.4093917555656,7.864296009036142e-08
2265.429099222361,2265.429099222361,7.909754367469877e-08
2278.448806689156,2278.448806689156,7.955212725903612e-08
2291.468514155951,2291.468514155951,8.000671084337346e-08
2304.4882216227466,2304.4882216227466,8.046129442771082e-08
2317.5079290895414,2317.5079290895414,8.091587801204816e-08
2330.527636556337,2330.527636556337,8.137046159638552e-08
2343.5473440231317,2343.5473440231317,8.182504518072285e-08
2356.567051489927,2356.567051489927,8.227962876506022e-08
2369.5867589567224,2369.5867589567224,8.273421234939756e-08
2382.6064664235173,2382.6064664235173,8.318879593373491e-08
2395.6261738903127,2395.6261738903127,8.364337951807226e-08
2408.6458813571076,2408.6458813571076,8.40979631024096e-08
2421.665588823903,2421.665588823903,8.455254668674697e-08
2434.6852962906983,2434.6852962906983,8.500713027108432e-08
2447.705003757493,2447.705003757493,8.546171385542166e-08
2460.7247112242885,2460.7247112242885,8.591629743975901e-08
2473.744418691084,2473.744418691084,8.637088102409637e-08
2486.7641261578788,2486.7641261578788,8.68254646084337e-08
2499.783833624674,2499.783833624674,8.728004819277107e-08
2512.803541091469,2512.803541091469,8.773463177710839e-08
2525.8232485582644,2525.8232485582644,8.818921536144576e-08
2538.8429560250597,2538.8429560250597,8.86437989457831e-08
2551.8626634918546,2551.8626634918546,8.909838253012044e-08
2564.88237095865,2564.88237095865,8.955296611445779e-08
2577.902078425445,2577.902078425445,9.000754969879514e-08
2590.92178589224,2590.92178589224,9.04621332831325e-08
2603.9414933590356,2603.9414933590356,9.091671686746985e-08
2616.9612008258305,2616.9612008258305,9.13713004518072e-08
2629.980908292626,2629.980908292626,9.182588403614454e-08
2643.0006157594207,2643.0006157594207,9.228046762048189e-08
2656.020323226216,2656.020323226216,9.273505120481924e-08
2669.0400306930114,2669.0400306930114,9.31896347891566e-08
2682.0597381598063,2682.0597381598063,9.364421837349394e-08
2695.0794456266017,2695.0794456266017,9.40988019578313e-08
2708.099153093397,2701.5892993599996,9.432609374999999e-08
2721.118860560192,2701.5892993599996,9.432609374999999e-08
2734.1385680269873,2701.5892993599996,9.432609374999999e-08
2747.158275493782,2701.5892993599996,9.432609374999999e-08
2760.1779829605775,2701.5892993599996,9.432609374999999e-08
2773.197690427373,2701.5892993599996,9.432609374999999e-08
2786.217397894168,2701.5892993599996,9.432609374999999e-08
2799.237105360963,2701.5892993599996,9.432609374999999e-08
2812.256812827758,2701.5892993599996,9.432609374999999e-08
2825.2765202945534,2701.5892993599996,9.432609374999999e-08
2838.2962277613487,2701.5892993599996,9.432609374999999e-08
2851.3159352281436,2701.5892993599996,9.432609374999999e-08
2864.335642694939,2701.5892993599996,9.432609374999999e-08
2877.3553501617343,2701.5892993599996,9.432609374999999e-08
2890.3750576285292,2701.5892993599996,9.432609374999999e-08
2903.3947650953246,2701.5892993599996,9.432609374999999e-08
2916.4144725621195,2701.5892993599996,9.432609374999999e-08
2929.434180028915,2701.5892993599996,9.432609374999999e-08
2942.45388749571,2701.5892993599996,9.432609374999999e-08
2955.473594962505,2701.5892993599996,9.432609374999999e-08
2968.4933024293005,2701.5892993599996,9.432609374999999e-08
2981.5130098960954,2701.5892993599996,9.432609374999999e-08
2994.5327173628907,2701.5892993599996,9.432609374999999e-08
3007.552424829686,2701.5892993599996,9.432609374999999e-08
3020.572132296481,2701.5892993599996,9.432609374999999e-08
3033.5918397632763,2701.5892993599996,9.432609374999999e-08
3046.6115472300717,2701.5892993599996,9.432609374999999e-08
3059.6312546968666,2701.5892993599996,9.432609374999999e-08
3072.650962163662,2701.5892993599996,9.432609374999999e-08
3085.670669630457,2701.5892993599996,9.432609374999999e-08
3098.690377097252,2701.5892993599996,9.432609374999999e-08
3111.7100845640475,2701.5892993599996,9.432609374999999e-08
3124.7297920308424,2701.5892993599996,9.432609374999999e-08
3137.7494994976378,2701.5892993599996,9.432609374999999e-08
3150.7692069644327,2701.5892993599996,9.432609374999999e-08
3163.788914431228,2701.5892993599996,9.432609374999999e-08
3176.8086218980234,2701.5892993599996,9.432609374999999e-08
3189.8283293648183,2701.5892993599996,9.432609374999999e-08
3202.8480368316136,2701.5892993599996,9.432609374999999e-08
3215.8677442984085,2701.5892993599996,9.432609374999999e-08
3228.887451765204,2701.5892993599996,9.432609374999999e-08
3241.9071592319992,2701.5892993599996,9.432609374999999e-08
