x_m,Q_t_0e+00_W_m3,Q_t_1e-04_W_m3,Q_t_2e-04_W_m3,Q_t_3e-04_W_m3
0.0,1691691040457.6587,549211670292.59265,138862456728.02872,27343638977.28609
1e-06,1725779175270.136,563086874871.8591,143084293737.77603,28316195590.003696
2e-06,1760378150673.0173,577254892246.6844,147419744599.38312,29320411839.585728
3e-06,1795491219351.8198,591720220869.2107,151871371627.4212,30357206120.924862
4e-06,1831121543279.5715,606487381841.9248,156441779265.29572,31427519405.970043
4.9999999999999996e-06,1867272190630.2244,621560917654.3702,161133614300.01837,32532315659.067562
6e-06,1903946132678.0242,636945390877.4277,165949566061.96292,33672582255.26863
7e-06,1941146240684.4292,652645382814.9257,170892366609.03687,34849330401.45535
8e-06,1978875282774.234,668665492112.3191,175964790894.68524,36063595560.12447
9e-06,2017135920802.5596,685010333322.2334,181169656919.14374,37316437875.6657
9.999999999999999e-06,2055930707214.4358,701684535426.6715,186509825863.34802,38608942602.95961
1.1e-05,2095262081898.7456,718692740315.7216,191988202204.90463,39942220538.11593
1.2e-05,2135132369038.3103,736039601222.6295,197607733815.5231,41317408451.162704
1.3e-05,2175543773957.959,753729781115.1161,203371412039.2981,42735669520.49007
1.4e-05,2216498379972.4536,771767951042.863,209282271751.24164,44198193768.844734
1.4999999999999999e-05,2257998145236.1753,790158788441.1104,215343391395.43866,45706198500.661156
1.6e-05,2300044899596.4976,808906975390.3353,221557893002.22208,47260928740.51043
1.7e-05,2342640341452.86,828017196832.0292,227928942183.73398,48863657672.434906
1.8e-05,2385786034623.5024,847494138740.5979,234459748107.2628,50515687079.93398
1.8999999999999998e-05,2429483405221.9297,867342486251.4635,241153563445.7183,52218347786.351685
1.9999999999999998e-05,2473733738545.1826,887566921745.4623,248013684304.6284,53973000095.413475
2.1e-05,2518538175975.992,908172122889.6764,255043450125.02182,55781034231.64667
2.2e-05,2563897711900.961,929162760634.8706,262246243561.57126,57643870780.41304
2.3e-05,2609813190646.943,950543497169.7311,269625490335.36725,59562961127.272606
2.4e-05,2656285303437.776,972318983832.1534,277184659060.6897,61539787896.38589
2.4999999999999998e-05,2703314585373.59,994493858977.8461,284927261045.1543,63575865387.65876
2.6e-05,2750901412434.948,1017072745806.5663,292856850062.5983,65672740012.31734
2.7e-05,2799045998514.0176,1040060250146.3365,300977022098.09076,67831990726.59909
2.8e-05,2847748392475.113,1063460958196.025,309291415064.42834,70055229463.2303
2.9e-05,2897008475246.856,1087279434226.715,317803708489.5128,72344101560.35582
2.9999999999999997e-05,2946825956948.294,1111520218242.3293,326517623173.97736,74700286187.57442
3.1e-05,2997200374051.293,1136187823600.0076,335436920818.4623,77125496768.7257
3.2e-05,3048131086581.557,1161286734590.785,344565403619.9169,79621481401.06604
3.2999999999999996e-05,3099617275360.6323,1186821403981.1458,353906913836.3367,82190023270.45668
3.4e-05,3151657939291.2505,1212796250516.0876,363465333319.33435,84832941062.18597
3.5e-05,3204251892688.42,1239215656384.3413,373244583013.94385,87552089367.03027
3.6e-05,3257397762658.6147,1266083964646.4805,383248622425.09393,90349359082.15552
3.7e-05,3311093986529.4893,1293405476626.6306,393481449050.15094,93226677806.44583
3.7999999999999995e-05,3365338809332.4946,1321184449268.6072,403947097776.9858,96186010229.84348
3.9e-05,3420130281340.799,1349425092457.28,414649640246.9875,99229358516.2673
3.9999999999999996e-05,3475466255664.926,1378131566306.0652,425593184182.49164,102358762679.67604
4.1e-05,3531344385908.494,1407307978411.4358,436781872678.07056,105576300952.82648
4.2e-05,3587762123886.4663,1436958381075.4377,448219883455.1728,108884090148.2717
4.2999999999999995e-05,3644716717408.2925,1467086768497.1938,459911428079.5881,112284286011.13658
4.4e-05,3702205208128.335,1497697073934.45,471860751141.23676,115779083563.1922
4.4999999999999996e-05,3760224429465.943,1528793166836.2576,484072129395.80414,119370717437.75395
4.6e-05,3818771004597.5635,1560378849947.9111,496549870867.7323,123061462204.90543
4.7e-05,3877841344523.19,1592457856389.3381,509298313914.126,126853632686.556
4.8e-05,3937431646209.541,1625033846708.1387,522321826249.1155,130749584260.81702
4.9e-05,3997537890812.2515,1658110405908.553,535624803928.26355,134751713155.18834
4.9999999999999996e-05,4058155841979.37,1691691040457.6587,549211670292.59265,138862456728.02872
5.1e-05,4119281044238.4634,1725779175270.136,563086874871.8584,143084293737.77603
5.2e-05,4180908821469.5493,1760378150673.0173,577254892246.6844,147419744599.38324
5.3e-05,4243034275466.1113,1795491219351.8198,591720220869.21,151871371627.4212
5.4e-05,4305652284586.3613,1831121543279.5725,606487381841.9248,156441779265.29584
5.4999999999999995e-05,4368757502496.9556,1867272190630.2244,621560917654.3695,161133614300.01837
5.6e-05,4432344357011.237,1903946132678.0242,636945390877.4275,165949566061.96307
5.6999999999999996e-05,4496407049024.173,1941146240684.4292,652645382814.925,170892366609.03687
5.8e-05,4560939551545.99,1978875282774.234,668665492112.3185,175964790894.6854
5.9e-05,4625935608836.558,2017135920802.5596,685010333322.233,181169656919.14374
5.9999999999999995e-05,4691388735642.493,2055930707214.4358,701684535426.6709,186509825863.34802
6.1e-05,4757292216538.913,2095262081898.7456,718692740315.721,191988202204.90497
6.2e-05,4823639105377.737,2135132369038.3103,736039601222.6288,197607733815.5231
6.3e-05,4890422224844.368,2175543773957.9604,753729781115.1161,203371412039.2985
6.4e-05,4957634166124.5625,2216498379972.4536,771767951042.8627,209282271751.24164
6.5e-05,5025267288683.184,2257998145236.1753,790158788441.1104,215343391395.43906
6.599999999999999e-05,5093313720156.596,2300044899596.497,808906975390.3344,221557893002.22208
6.7e-05,5161765356360.221,2342640341452.86,828017196832.0288,227928942183.73434
6.8e-05,5230613861412.942,2385786034623.5024,847494138740.5972,234459748107.2628
6.9e-05,5299850667979.767,2429483405221.9297,867342486251.4626,241153563445.71857
7e-05,5369466977634.238,2473733738545.1826,887566921745.4614,248013684304.62872
7.099999999999999e-05,5439453761341.96,2518538175975.992,908172122889.6755,255043450125.02182
7.2e-05,5509801760066.555,2563897711900.9624,929162760634.8706,262246243561.57162
7.3e-05,5580501485499.291,2609813190646.943,950543497169.7306,269625490335.36725
7.4e-05,5651543220913.534,2656285303437.776,972318983832.1534,277184659060.69006
7.5e-05,5722917022145.179,2703314585373.59,994493858977.8447,284927261045.1543
7.599999999999999e-05,5794612718699.9795,2750901412434.948,1017072745806.5658,292856850062.5988
7.7e-05,5866619914988.87,2799045998514.0176,1040060250146.336,300977022098.09076
7.8e-05,5938927991691.988,2847748392475.113,1063460958196.0247,309291415064.4287
7.9e-05,6011526107252.329,2897008475246.856,1087279434226.7145,317803708489.5131
7.999999999999999e-05,6084403199499.645,2946825956948.294,1111520218242.3281,326517623173.9779
8.099999999999999e-05,6157547987405.258,2997200374051.293,1136187823600.0066,335436920818.4623
8.2e-05,6230948972968.324,3048131086581.557,1161286734590.784,344565403619.9169
8.3e-05,6304594443233.985,3099617275360.633,1186821403981.1458,353906913836.3371
8.4e-05,6378472472443.796,3151657939291.2505,1212796250516.0867,363465333319.33435
8.499999999999999e-05,6452570924318.703,3204251892688.42,1239215656384.3413,373244583013.94434
8.599999999999999e-05,6526877454474.747,3257397762658.6133,1266083964646.4792,383248622425.09393
8.7e-05,6601379512971.6045,3311093986529.4893,1293405476626.6301,393481449050.1514
8.8e-05,6676064346993.962,3365338809332.4946,1321184449268.606,403947097776.9863
8.9e-05,6750919003665.659,3420130281340.799,1349425092457.2795,414649640246.988
8.999999999999999e-05,6825930332996.366,3475466255664.926,1378131566306.064,425593184182.49164
9.099999999999999e-05,6901084990960.583,3531344385908.494,1407307978411.4346,436781872678.07056
9.2e-05,6976369442708.531,3587762123886.4683,1436958381075.4377,448219883455.1734
9.3e-05,7051769965908.5,3644716717408.2925,1467086768497.193,459911428079.5881
9.4e-05,7127272654220.062,3702205208128.335,1497697073934.45,471860751141.2375
9.499999999999999e-05,7202863420897.497,3760224429465.943,1528793166836.2556,484072129395.80414
9.6e-05,7278528002522.666,3818771004597.5635,1560378849947.9104,496549870867.7329
9.7e-05,7354251962866.433,3877841344523.19,1592457856389.3374,509298313914.1267
9.8e-05,7430020696877.731,3937431646209.541,1625033846708.1377,522321826249.11615
9.9e-05,7505819434799.153,3997537890812.2515,1658110405908.553,535624803928.26355
9.999999999999999e-05,7581633246407.916,4058155841979.37,1691691040457.6577,549211670292.59265
0.000101,7657447045380.964,4119281044238.465,1725779175270.136,563086874871.8591
0.000102,7733245593782.779,4180908821469.5493,1760378150673.016,577254892246.6844
0.000103,7809013506674.525,4243034275466.1113,1795491219351.8198,591720220869.2107
0.000104,7884735256842.853,4305652284586.3613,1831121543279.5703,606487381841.9248
0.00010499999999999999,7960395179646.788,4368757502496.9556,1867272190630.2244,621560917654.3702
0.000106,8035977477980.9,4432344357011.237,1903946132678.0234,636945390877.4277
0.000107,8111466227352.87,4496407049024.173,1941146240684.4282,652645382814.9257
0.000108,8186845381073.539,4560939551545.99,1978875282774.2332,668665492112.3191
0.00010899999999999999,8262098775557.33,4625935608836.558,2017135920802.5583,685010333322.2334
0.00010999999999999999,8337210135730.929,4691388735642.493,2055930707214.4348,701684535426.6715
0.000111,8412163080547.923,4757292216538.913,2095262081898.7454,718692740315.7216
0.000112,8486941128607.1,4823639105377.737,2135132369038.3103,736039601222.6298
0.000113,8561527703871.911,4890422224844.368,2175543773957.9573,753729781115.1161
0.00011399999999999999,8635906141488.621,4957634166124.5625,2216498379972.4536,771767951042.8638
0.00011499999999999999,8710059693700.434,5025267288683.184,2257998145236.173,790158788441.1104
0.000116,8783971535854.971,5093313720156.596,2300044899596.497,808906975390.3353
0.000117,8857624772502.209,5161765356360.221,2342640341452.86,828017196832.0292
0.000118,8931002443580.043,5230613861412.942,2385786034623.501,847494138740.5979
0.00011899999999999999,9004087530684.436,5299850667979.767,2429483405221.929,867342486251.4635
0.00011999999999999999,9076862963421.135,5369466977634.238,2473733738545.182,887566921745.4623
0.000121,9149311625835.785,5439453761341.962,2518538175975.992,908172122889.6768
0.000122,9221416362919.182,5509801760066.555,2563897711900.96,929162760634.8706
0.00012299999999999998,9293159987184.406,5580501485499.29,2609813190646.942,950543497169.7311
0.000124,9364525285312.408,5651543220913.536,2656285303437.7754,972318983832.1539
0.000125,9435495024862.592,5722917022145.179,2703314585373.59,994493858977.8461
0.000126,9506051961044.87,5794612718699.981,2750901412434.9463,1017072745806.5663
0.000127,9576178843549.578,5866619914988.87,2799045998514.016,1040060250146.3365
0.000128,9645858423431.576,5938927991691.988,2847748392475.1113,1063460958196.025
0.000129,9715073460044.78,6011526107252.329,2897008475246.854,1087279434226.715
0.00013,9783806728023.35,6084403199499.645,2946825956948.292,1111520218242.3293
0.00013099999999999999,9852041024305.656,6157547987405.258,2997200374051.291,1136187823600.0076
0.00013199999999999998,9919759175197.082,6230948972968.324,3048131086581.556,1161286734590.785
0.000133,9986944043467.727,6304594443233.985,3099617275360.6323,1186821403981.147
0.000134,10053578535480.926,6378472472443.797,3151657939291.2505,1212796250516.0876
0.000135,10119645608348.586,6452570924318.704,3204251892688.4194,1239215656384.3423
0.000136,10185128277109.117,6526877454474.748,3257397762658.6133,1266083964646.4805
0.000137,10250009621923.857,6601379512971.6045,3311093986529.488,1293405476626.6306
0.000138,10314272795287.764,6676064346993.962,3365338809332.493,1321184449268.6072
0.000139,10377901029250.104,6750919003665.659,3420130281340.7974,1349425092457.28
0.00014,10440877642640.898,6825930332996.366,3475466255664.924,1378131566306.0652
0.00014099999999999998,10503186048298.775,6901084990960.583,3531344385908.4927,1407307978411.4358
0.00014199999999999998,10564809760295.89,6976369442708.531,3587762123886.465,1436958381075.4377
0.000143,10625732401155.592,7051769965908.501,3644716717408.2925,1467086768497.1943
0.000144,10685937709058.37,7127272654220.0625,3702205208128.3335,1497697073934.4507
0.000145,10745409545031.777,7202863420897.498,3760224429465.943,1528793166836.2576
0.000146,10804131900119.824,7278528002522.666,3818771004597.5625,1560378849947.9111
0.000147,10862088902527.445,7354251962866.433,3877841344523.1875,1592457856389.3381
0.000148,10919264824735.627,7430020696877.731,3937431646209.5396,1625033846708.1387
0.000149,10975644090582.701,7505819434799.153,3997537890812.2505,1658110405908.553
0.00015,11031211282307.441,7581633246407.916,4058155841979.369,1691691040457.6587
0.00015099999999999998,11085951147549.42,7657447045380.962,4119281044238.462,1725779175270.136
0.00015199999999999998,11139848606302.303,7733245593782.778,4180908821469.5464,1760378150673.0173
0.000153,11192888757815.588,7809013506674.526,4243034275466.11,1795491219351.8208
0.000154,11245056887440.395,7884735256842.853,4305652284586.3613,1831121543279.5725
0.000155,11296338473414.951,7960395179646.788,4368757502496.954,1867272190630.2256
0.000156,11346719193585.37,8035977477980.9,4432344357011.235,1903946132678.0242
0.000157,11396184932057.38,8111466227352.87,4496407049024.17,1941146240684.4292
0.000158,11444721785774.719,8186845381073.539,4560939551545.988,1978875282774.234
0.000159,11492316071019.871,8262098775557.33,4625935608836.556,2017135920802.5596
0.00015999999999999999,11538954329832.945,8337210135730.929,4691388735642.491,2055930707214.4358
0.00016099999999999998,11584623336344.44,8412163080547.923,4757292216538.911,2095262081898.7456
0.00016199999999999998,11629310103017.758,8486941128607.098,4823639105377.734,2135132369038.3103
0.000163,11673001886797.365,8561527703871.913,4890422224844.368,2175543773957.9604
0.000164,11715686195158.47,8635906141488.622,4957634166124.561,2216498379972.4546
0.000165,11757350792054.275,8710059693700.436,5025267288683.184,2257998145236.1753
0.000166,11797983703756.79,8783971535854.971,5093313720156.594,2300044899596.4976
0.000167,11837573224587.32,8857624772502.209,5161765356360.218,2342640341452.86
0.000168,11876107922532.834,8931002443580.043,5230613861412.94,2385786034623.5024
0.000169,11913576644744.352,9004087530684.436,5299850667979.766,2429483405221.9297
0.00016999999999999999,11949968522913.748,9076862963421.135,5369466977634.236,2473733738545.1826
0.00017099999999999998,11985272978525.29,9149311625835.785,5439453761341.958,2518538175975.992
0.00017199999999999998,12019479727978.365,9221416362919.182,5509801760066.553,2563897711900.961
0.000173,12052578787577.957,9293159987184.408,5580501485499.29,2609813190646.945
0.000174,12084560478389.412,9364525285312.408,5651543220913.534,2656285303437.776
0.000175,12115415430954.3,9435495024862.592,5722917022145.176,2703314585373.592
0.000176,12145134589864.033,9506051961044.87,5794612718699.9795,2750901412434.948
0.000177,12173709218188.215,9576178843549.578,5866619914988.868,2799045998514.0176
0.000178,12201130901754.629,9645858423431.576,5938927991691.986,2847748392475.113
0.000179,12227391553277.967,9715073460044.78,6011526107252.327,2897008475246.856
0.00017999999999999998,12252483416334.441,9783806728023.35,6084403199499.643,2946825956948.294
0.00018099999999999998,12276399069179.545,9852041024305.656,6157547987405.256,2997200374051.293
0.00018199999999999998,12299131428406.354,9919759175197.082,6230948972968.322,3048131086581.557
0.000183,12320673752441.816,9986944043467.727,6304594443233.983,3099617275360.633
0.000184,12341019644878.63,10053578535480.926,6378472472443.796,3151657939291.252
0.000185,12360163057640.412,10119645608348.586,6452570924318.703,3204251892688.42
0.000186,12378098293977.934,10185128277109.117,6526877454474.746,3257397762658.6147
0.000187,12394820011294.38,10250009621923.857,6601379512971.602,3311093986529.4893
0.000188,12410323223797.666,10314272795287.764,6676064346993.961,3365338809332.4946
0.00018899999999999999,12424603304977.928,10377901029250.104,6750919003665.656,3420130281340.799
0.00018999999999999998,12437655989908.53,10440877642640.898,6825930332996.364,3475466255664.926
0.00019099999999999998,12449477377368.918,10503186048298.775,6901084990960.581,3531344385908.494
0.000192,12460063931787.91,10564809760295.893,6976369442708.531,3587762123886.4683
0.000193,12469412485005.996,10625732401155.592,7051769965908.5,3644716717408.294
0.000194,12477520237855.467,10685937709058.37,7127272654220.06,3702205208128.335
0.000195,12484384761557.26,10745409545031.777,7202863420897.497,3760224429465.9443
0.000196,12490003998933.547,10804131900119.824,7278528002522.663,3818771004597.5635
0.000197,12494376265435.178,10862088902527.445,7354251962866.432,3877841344523.19
0.000198,12497500249983.334,10919264824735.627,7430020696877.729,3937431646209.541
0.00019899999999999999,12499375015624.738,10975644090582.701,7505819434799.15,3997537890812.2515
0.00019999999999999998,12500000000000.0,11031211282307.441,7581633246407.915,4058155841979.37
0.00020099999999999998,12499375015624.738,11085951147549.42,7657447045380.959,4119281044238.4634
0.000202,12497500249983.334,11139848606302.305,7733245593782.778,4180908821469.55
0.000203,12494376265435.178,11192888757815.588,7809013506674.524,4243034275466.1113
0.000204,12490003998933.547,11245056887440.395,7884735256842.851,4305652284586.3623
0.000205,12484384761557.262,11296338473414.951,7960395179646.787,4368757502496.9556
0.000206,12477520237855.467,11346719193585.37,8035977477980.897,4432344357011.237
0.000207,12469412485005.996,11396184932057.38,8111466227352.869,4496407049024.173
0.000208,12460063931787.912,11444721785774.719,8186845381073.537,4560939551545.99
0.00020899999999999998,12449477377368.918,11492316071019.871,8262098775557.329,4625935608836.558
0.00020999999999999998,12437655989908.53,11538954329832.945,8337210135730.927,4691388735642.493
0.00021099999999999998,12424603304977.93,11584623336344.44,8412163080547.92,4757292216538.913
0.000212,12410323223797.668,11629310103017.76,8486941128607.098,4823639105377.737
0.000213,12394820011294.38,11673001886797.365,8561527703871.911,4890422224844.37
0.000214,12378098293977.934,11715686195158.47,8635906141488.619,4957634166124.5625
0.000215,12360163057640.414,11757350792054.275,8710059693700.433,5025267288683.186
0.000216,12341019644878.63,11797983703756.79,8783971535854.968,5093313720156.596
0.000217,12320673752441.816,11837573224587.32,8857624772502.207,5161765356360.221
0.00021799999999999999,12299131428406.355,11876107922532.834,8931002443580.04,5230613861412.942
0.00021899999999999998,12276399069179.545,11913576644744.352,9004087530684.432,5299850667979.767
0.00021999999999999998,12252483416334.441,11949968522913.748,9076862963421.133,5369466977634.238
0.00022099999999999998,12227391553277.969,11985272978525.29,9149311625835.781,5439453761341.96
0.000222,12201130901754.629,12019479727978.367,9221416362919.182,5509801760066.558
0.000223,12173709218188.215,12052578787577.957,9293159987184.406,5580501485499.291
0.000224,12145134589864.035,12084560478389.412,9364525285312.406,5651543220913.536
0.000225,12115415430954.3,12115415430954.3,9435495024862.59,5722917022145.179
0.000226,12084560478389.414,12145134589864.033,9506051961044.867,5794612718699.981
0.000227,12052578787577.957,12173709218188.215,9576178843549.576,5866619914988.87
0.00022799999999999999,12019479727978.367,12201130901754.629,9645858423431.574,5938927991691.988
0.00022899999999999998,11985272978525.291,12227391553277.967,9715073460044.777,6011526107252.329
0.00022999999999999998,11949968522913.75,12252483416334.441,9783806728023.35,6084403199499.645
0.00023099999999999998,11913576644744.354,12276399069179.545,9852041024305.654,6157547987405.258
0.000232,11876107922532.836,12299131428406.354,9919759175197.082,6230948972968.326
0.000233,11837573224587.322,12320673752441.816,9986944043467.723,6304594443233.985
0.000234,11797983703756.79,12341019644878.63,10053578535480.922,6378472472443.797
0.000235,11757350792054.275,12360163057640.412,10119645608348.584,6452570924318.704
0.000236,11715686195158.47,12378098293977.934,10185128277109.115,6526877454474.748
0.000237,11673001886797.367,12394820011294.38,10250009621923.855,6601379512971.6045
0.00023799999999999998,11629310103017.76,12410323223797.666,10314272795287.76,6676064346993.962
0.00023899999999999998,11584623336344.441,12424603304977.928,10377901029250.102,6750919003665.659
0.00023999999999999998,11538954329832.95,12437655989908.53,10440877642640.896,6825930332996.366
0.00024099999999999998,11492316071019.875,12449477377368.918,10503186048298.773,6901084990960.583
0.000242,11444721785774.719,12460063931787.91,10564809760295.89,6976369442708.532
0.000243,11396184932057.38,12469412485005.996,10625732401155.588,7051769965908.501
0.000244,11346719193585.371,12477520237855.467,10685937709058.365,7127272654220.0625
0.000245,11296338473414.951,12484384761557.26,10745409545031.775,7202863420897.498
0.00024599999999999996,11245056887440.396,12490003998933.547,10804131900119.82,7278528002522.663
0.000247,11192888757815.59,12494376265435.178,10862088902527.445,7354251962866.433
0.000248,11139848606302.305,12497500249983.334,10919264824735.627,7430020696877.734
0.000249,11085951147549.424,12499375015624.738,10975644090582.701,7505819434799.153
0.00025,11031211282307.443,12500000000000.0,11031211282307.441,7581633246407.918
0.000251,10975644090582.705,12499375015624.738,11085951147549.42,7657447045380.962
0.000252,10919264824735.627,12497500249983.334,11139848606302.303,7733245593782.781
0.00025299999999999997,10862088902527.451,12494376265435.178,11192888757815.584,7809013506674.524
0.000254,10804131900119.826,12490003998933.547,11245056887440.393,7884735256842.853
0.00025499999999999996,10745409545031.781,12484384761557.262,11296338473414.947,7960395179646.787
0.000256,10685937709058.37,12477520237855.467,11346719193585.367,8035977477980.9
0.000257,10625732401155.592,12469412485005.996,11396184932057.38,8111466227352.873
0.000258,10564809760295.895,12460063931787.912,11444721785774.717,8186845381073.539
0.000259,10503186048298.777,12449477377368.918,11492316071019.871,8262098775557.333
0.00026,10440877642640.902,12437655989908.53,11538954329832.945,8337210135730.929
0.000261,10377901029250.104,12424603304977.928,11584623336344.44,8412163080547.924
0.00026199999999999997,10314272795287.766,12410323223797.668,11629310103017.756,8486941128607.098
0.000263,10250009621923.86,12394820011294.38,11673001886797.363,8561527703871.913
0.00026399999999999997,10185128277109.121,12378098293977.934,11715686195158.469,8635906141488.619
0.000265,10119645608348.588,12360163057640.414,11757350792054.275,8710059693700.436
0.000266,10053578535480.926,12341019644878.63,11797983703756.79,8783971535854.972
0.000267,9986944043467.727,12320673752441.816,11837573224587.32,8857624772502.209
0.000268,9919759175197.084,12299131428406.354,11876107922532.834,8931002443580.043
0.000269,9852041024305.66,12276399069179.545,11913576644744.352,9004087530684.436
0.00027,9783806728023.352,12252483416334.441,11949968522913.748,9076862963421.139
0.000271,9715073460044.783,12227391553277.969,11985272978525.29,9149311625835.785
0.000272,9645858423431.578,12201130901754.629,12019479727978.365,9221416362919.182
0.00027299999999999997,9576178843549.582,12173709218188.215,12052578787577.955,9293159987184.406
0.000274,9506051961044.871,12145134589864.035,12084560478389.412,9364525285312.408
0.00027499999999999996,9435495024862.594,12115415430954.3,12115415430954.299,9435495024862.59
0.000276,9364525285312.41,12084560478389.414,12145134589864.033,9506051961044.87
0.000277,9293159987184.408,12052578787577.957,12173709218188.215,9576178843549.58
0.000278,9221416362919.184,12019479727978.367,12201130901754.627,9645858423431.576
0.000279,9149311625835.787,11985272978525.29,12227391553277.967,9715073460044.781
0.00028,9076862963421.139,11949968522913.75,12252483416334.441,9783806728023.35
0.000281,9004087530684.436,11913576644744.354,12276399069179.545,9852041024305.658
0.00028199999999999997,8931002443580.047,11876107922532.838,12299131428406.354,9919759175197.082
0.000283,8857624772502.21,11837573224587.322,12320673752441.816,9986944043467.727
0.00028399999999999996,8783971535854.975,11797983703756.79,12341019644878.63,10053578535480.922
0.000285,8710059693700.437,11757350792054.275,12360163057640.412,10119645608348.586
0.000286,8635906141488.622,11715686195158.47,12378098293977.934,10185128277109.12
0.000287,8561527703871.916,11673001886797.367,12394820011294.38,10250009621923.857
0.000288,8486941128607.1,11629310103017.76,12410323223797.666,10314272795287.764
0.000289,8412163080547.927,11584623336344.441,12424603304977.928,10377901029250.104
0.00029,8337210135730.931,11538954329832.947,12437655989908.53,10440877642640.9
0.00029099999999999997,8262098775557.335,11492316071019.875,12449477377368.918,10503186048298.775
0.000292,8186845381073.542,11444721785774.719,12460063931787.91,10564809760295.893
0.00029299999999999997,8111466227352.875,11396184932057.383,12469412485005.996,10625732401155.588
0.000294,8035977477980.901,11346719193585.371,12477520237855.465,10685937709058.37
0.00029499999999999996,7960395179646.793,11296338473414.953,12484384761557.26,10745409545031.775
0.000296,7884735256842.8545,11245056887440.395,12490003998933.547,10804131900119.824
0.000297,7809013506674.526,11192888757815.588,12494376265435.178,10862088902527.45
0.000298,7733245593782.782,11139848606302.307,12497500249983.334,10919264824735.627
0.000299,7657447045380.964,11085951147549.422,12499375015624.738,10975644090582.703
0.0003,7581633246407.921,11031211282307.445,12500000000000.0,11031211282307.441
0.000301,7505819434799.154,10975644090582.703,12499375015624.738,11085951147549.422
0.00030199999999999997,7430020696877.735,10919264824735.629,12497500249983.334,11139848606302.303
0.000303,7354251962866.436,10862088902527.45,12494376265435.178,11192888757815.588
0.00030399999999999996,7278528002522.67,10804131900119.828,12490003998933.547,11245056887440.393
0.000305,7202863420897.501,10745409545031.777,12484384761557.262,11296338473414.951
0.000306,7127272654220.0625,10685937709058.37,12477520237855.467,11346719193585.371
0.000307,7051769965908.503,10625732401155.592,12469412485005.996,11396184932057.38
0.000308,6976369442708.532,10564809760295.893,12460063931787.912,11444721785774.719
0.000309,6901084990960.588,10503186048298.777,12449477377368.92,11492316071019.871
0.00031,6825930332996.369,10440877642640.9,12437655989908.53,11538954329832.947
0.00031099999999999997,6750919003665.663,10377901029250.105,12424603304977.93,11584623336344.44
0.000312,6676064346993.965,10314272795287.764,12410323223797.668,11629310103017.76
0.00031299999999999996,6601379512971.607,10250009621923.861,12394820011294.383,11673001886797.363
0.000314,6526877454474.75,10185128277109.12,12378098293977.934,11715686195158.47
0.00031499999999999996,6452570924318.708,10119645608348.59,12360163057640.414,11757350792054.275
0.000316,6378472472443.8,10053578535480.928,12341019644878.633,11797983703756.79
0.000317,6304594443233.985,9986944043467.727,12320673752441.816,11837573224587.322
0.000318,6230948972968.328,9919759175197.086,12299131428406.355,11876107922532.834
0.000319,6157547987405.26,9852041024305.658,12276399069179.545,11913576644744.354
0.00031999999999999997,6084403199499.648,9783806728023.355,12252483416334.441,11949968522913.748
0.000321,6011526107252.33,9715073460044.781,12227391553277.969,11985272978525.29
0.00032199999999999997,5938927991691.992,9645858423431.58,12201130901754.629,12019479727978.365
0.000323,5866619914988.871,9576178843549.58,12173709218188.215,12052578787577.957
0.00032399999999999996,5794612718699.985,9506051961044.873,12145134589864.035,12084560478389.412
0.000325,5722917022145.181,9435495024862.594,12115415430954.3,12115415430954.3
0.000326,5651543220913.536,9364525285312.408,12084560478389.414,12145134589864.035
0.000327,5580501485499.293,9293159987184.408,12052578787577.959,12173709218188.215
0.000328,5509801760066.558,9221416362919.182,12019479727978.367,12201130901754.629
0.000329,5439453761341.964,9149311625835.787,11985272978525.291,12227391553277.967
0.00033,5369466977634.241,9076862963421.139,11949968522913.75,12252483416334.441
0.00033099999999999997,5299850667979.7705,9004087530684.438,11913576644744.355,12276399069179.545
0.000332,5230613861412.943,8931002443580.043,11876107922532.838,12299131428406.354
0.00033299999999999996,5161765356360.224,8857624772502.213,11837573224587.324,12320673752441.816
0.000334,5093313720156.597,8783971535854.972,11797983703756.79,12341019644878.63
0.000335,5025267288683.186,8710059693700.436,11757350792054.275,12360163057640.414
0.000336,4957634166124.564,8635906141488.624,11715686195158.473,12378098293977.934
0.000337,4890422224844.37,8561527703871.913,11673001886797.367,12394820011294.38
0.000338,4823639105377.739,8486941128607.102,11629310103017.762,12410323223797.666
0.000339,4757292216538.915,8412163080547.924,11584623336344.441,12424603304977.928
0.00033999999999999997,4691388735642.496,8337210135730.933,11538954329832.95,12437655989908.53
0.000341,4625935608836.561,8262098775557.333,11492316071019.875,12449477377368.918
0.00034199999999999996,4560939551545.993,8186845381073.543,11444721785774.723,12460063931787.91
0.000343,4496407049024.175,8111466227352.873,11396184932057.383,12469412485005.996
0.00034399999999999996,4432344357011.24,8035977477980.904,11346719193585.373,12477520237855.465
0.000345,4368757502496.9575,7960395179646.791,11296338473414.953,12484384761557.26
0.000346,4305652284586.3623,7884735256842.853,11245056887440.395,12490003998933.547
0.000347,4243034275466.113,7809013506674.528,11192888757815.59,12494376265435.178
0.000348,4180908821469.55,7733245593782.781,11139848606302.307,12497500249983.334
0.00034899999999999997,4119281044238.4673,7657447045380.966,11085951147549.426,12499375015624.738
0.00035,4058155841979.3726,7581633246407.918,11031211282307.445,12500000000000.0
0.00035099999999999997,3997537890812.255,7505819434799.157,10975644090582.707,12499375015624.738
0.000352,3937431646209.543,7430020696877.734,10919264824735.629,12497500249983.334
0.00035299999999999996,3877841344523.1924,7354251962866.4375,10862088902527.451,12494376265435.178
0.000354,3818771004597.5654,7278528002522.669,10804131900119.828,12490003998933.547
0.000355,3760224429465.9443,7202863420897.498,10745409545031.777,12484384761557.26
0.000356,3702205208128.337,7127272654220.065,10685937709058.371,12477520237855.467
0.000357,3644716717408.294,7051769965908.501,10625732401155.592,12469412485005.996
0.000358,3587762123886.4697,6976369442708.535,10564809760295.896,12460063931787.912
0.000359,3531344385908.4956,6901084990960.585,10503186048298.777,12449477377368.918
0.00035999999999999997,3475466255664.9287,6825930332996.37,10440877642640.904,12437655989908.53
0.000361,3420130281340.8003,6750919003665.662,10377901029250.105,12424603304977.928
0.00036199999999999996,3365338809332.498,6676064346993.968,10314272795287.768,12410323223797.668
0.000363,3311093986529.491,6601379512971.605,10250009621923.861,12394820011294.38
0.00036399999999999996,3257397762658.6177,6526877454474.751,10185128277109.121,12378098293977.934
0.000365,3204251892688.422,6452570924318.707,10119645608348.59,12360163057640.414
0.000366,3151657939291.252,6378472472443.797,10053578535480.928,12341019644878.63
0.000367,3099617275360.6343,6304594443233.988,9986944043467.729,12320673752441.816
0.000368,3048131086581.5586,6230948972968.326,9919759175197.086,12299131428406.354
0.00036899999999999997,2997200374051.295,6157547987405.262,9852041024305.662,12276399069179.545
0.00037,2946825956948.2954,6084403199499.646,9783806728023.355,12252483416334.441
0.00037099999999999996,2897008475246.8584,6011526107252.332,9715073460044.785,12227391553277.969
0.000372,2847748392475.1143,5938927991691.989,9645858423431.58,12201130901754.629
0.00037299999999999996,2799045998514.02,5866619914988.874,9576178843549.584,12173709218188.215
0.000374,2750901412434.949,5794612718699.983,9506051961044.873,12145134589864.035
0.000375,2703314585373.592,5722917022145.179,9435495024862.594,12115415430954.3
0.000376,2656285303437.7773,5651543220913.539,9364525285312.412,12084560478389.414
0.000377,2609813190646.945,5580501485499.291,9293159987184.408,12052578787577.957
0.00037799999999999997,2563897711900.963,5509801760066.559,9221416362919.188,12019479727978.367
0.000379,2518538175975.9927,5439453761341.962,9149311625835.787,11985272978525.29
0.00037999999999999997,2473733738545.185,5369466977634.242,9076862963421.14,11949968522913.75
0.000381,2429483405221.931,5299850667979.77,9004087530684.438,11913576644744.354
0.00038199999999999996,2385786034623.5044,5230613861412.945,8931002443580.049,11876107922532.838
0.000383,2342640341452.862,5161765356360.223,8857624772502.213,11837573224587.322
0.000384,2300044899596.4976,5093313720156.596,8783971535854.972,11797983703756.79
0.000385,2257998145236.176,5025267288683.1875,8710059693700.4375,11757350792054.275
0.000386,2216498379972.4546,4957634166124.5625,8635906141488.624,11715686195158.47
0.000387,2175543773957.961,4890422224844.371,8561527703871.917,11673001886797.367
0.000388,2135132369038.3118,4823639105377.737,8486941128607.102,11629310103017.76
0.00038899999999999997,2095262081898.748,4757292216538.917,8412163080547.929,11584623336344.441
0.00039,2055930707214.4373,4691388735642.495,8337210135730.933,11538954329832.947
0.00039099999999999996,2017135920802.5613,4625935608836.562,8262098775557.338,11492316071019.875
0.000392,1978875282774.2354,4560939551545.991,8186845381073.543,11444721785774.719
0.00039299999999999996,1941146240684.4316,4496407049024.175,8111466227352.877,11396184932057.383
0.000394,1903946132678.0256,4432344357011.238,8035977477980.904,11346719193585.371
0.000395,1867272190630.2256,4368757502496.9556,7960395179646.791,11296338473414.951
0.000396,1831121543279.574,4305652284586.3647,7884735256842.856,11245056887440.395
0.000397,1795491219351.8208,4243034275466.1113,7809013506674.528,11192888757815.588
0.00039799999999999997,1760378150673.0188,4180908821469.552,7733245593782.785,11139848606302.307
0.000399,1725779175270.1372,4119281044238.465,7657447045380.966,11085951147549.422
0.00039999999999999996,1691691040457.6602,4058155841979.3745,7581633246407.924,11031211282307.445
0.000401,1658110405908.5544,3997537890812.254,7505819434799.157,10975644090582.703
0.00040199999999999996,1625033846708.1401,3937431646209.5444,7430020696877.737,10919264824735.629
0.000403,1592457856389.3389,3877841344523.1904,7354251962866.4375,10862088902527.45
0.000404,1560378849947.9111,3818771004597.5635,7278528002522.669,10804131900119.824
0.000405,1528793166836.2583,3760224429465.9463,7202863420897.503,10745409545031.777
0.000406,1497697073934.4507,3702205208128.335,7127272654220.065,10685937709058.37
0.00040699999999999997,1467086768497.1958,3644716717408.2944,7051769965908.505,10625732401155.592
0.000408,1436958381075.4385,3587762123886.4683,6976369442708.535,10564809760295.893
0.00040899999999999997,1407307978411.4377,3531344385908.4976,6901084990960.589,10503186048298.777
0.00041,1378131566306.066,3475466255664.928,6825930332996.37,10440877642640.9
0.00041099999999999996,1349425092457.282,3420130281340.802,6750919003665.665,10377901029250.105
0.000412,1321184449268.6077,3365338809332.4956,6676064346993.968,10314272795287.764
0.00041299999999999996,1293405476626.6323,3311093986529.4917,6601379512971.61,10250009621923.861
0.000414,1266083964646.4817,3257397762658.616,6526877454474.751,10185128277109.12
0.000415,1239215656384.3423,3204251892688.42,6452570924318.707,10119645608348.586
0.000416,1212796250516.0884,3151657939291.2534,6378472472443.801,10053578535480.928
0.000417,1186821403981.147,3099617275360.633,6304594443233.988,9986944043467.727
0.00041799999999999997,1161286734590.7861,3048131086581.56,6230948972968.33,9919759175197.086
0.000419,1136187823600.008,2997200374051.2935,6157547987405.262,9852041024305.658
0.00041999999999999996,1111520218242.3306,2946825956948.2964,6084403199499.65,9783806728023.355
0.000421,1087279434226.7161,2897008475246.8574,6011526107252.332,9715073460044.781
0.00042199999999999996,1063460958196.0261,2847748392475.115,5938927991691.994,9645858423431.58
0.000423,1040060250146.3374,2799045998514.0195,5866619914988.874,9576178843549.58
0.000424,1017072745806.5663,2750901412434.948,5794612718699.983,9506051961044.87
0.000425,994493858977.8469,2703314585373.5923,5722917022145.182,9435495024862.594
0.000426,972318983832.1539,2656285303437.776,5651543220913.539,9364525285312.408
0.00042699999999999997,950543497169.7323,2609813190646.9453,5580501485499.295,9293159987184.408
0.000428,929162760634.8713,2563897711900.9624,5509801760066.559,9221416362919.182
0.00042899999999999997,908172122889.6776,2518538175975.9937,5439453761341.966,9149311625835.787
0.00043,887566921745.4626,2473733738545.184,5369466977634.242,9076862963421.139
0.00043099999999999996,867342486251.4646,2429483405221.9326,5299850667979.774,9004087530684.438
0.000432,847494138740.5984,2385786034623.5034,5230613861412.945,8931002443580.043
0.00043299999999999995,828017196832.0304,2342640341452.863,5161765356360.227,8857624772502.213
0.000434,808906975390.336,2300044899596.499,5093313720156.599,8783971535854.972
0.000435,790158788441.1107,2257998145236.1753,5025267288683.1875,8710059693700.436
0.00043599999999999997,771767951042.8641,2216498379972.456,4957634166124.565,8635906141488.624
0.000437,753729781115.1165,2175543773957.9604,4890422224844.371,8561527703871.913
0.00043799999999999997,736039601222.6304,2135132369038.312,4823639105377.741,8486941128607.102
0.000439,718692740315.7219,2095262081898.747,4757292216538.917,8412163080547.924
0.00043999999999999996,701684535426.6721,2055930707214.4375,4691388735642.499,8337210135730.933
0.000441,685010333322.234,2017135920802.56,4625935608836.562,8262098775557.333
0.00044199999999999996,668665492112.32,1978875282774.2368,4560939551545.995,8186845381073.543
0.000443,652645382814.9259,1941146240684.4302,4496407049024.175,8111466227352.873
0.000444,636945390877.4277,1903946132678.0242,4432344357011.238,8035977477980.9
0.000445,621560917654.3702,1867272190630.2268,4368757502496.9595,7960395179646.791
0.000446,606487381841.9248,1831121543279.5725,4305652284586.3647,7884735256842.853
0.00044699999999999997,591720220869.2114,1795491219351.8213,4243034275466.1147,7809013506674.528
0.000448,577254892246.6852,1760378150673.0178,4180908821469.552,7733245593782.781
0.00044899999999999996,563086874871.8591,1725779175270.1382,4119281044238.4683,7657447045380.966
0.00045,549211670292.59265,1691691040457.6592,4058155841979.3745,7581633246407.918
0.00045099999999999996,535624803928.26495,1658110405908.5552,3997537890812.257,7505819434799.157
0.000452,522321826249.1168,1625033846708.1394,3937431646209.5444,7430020696877.734
0.000453,509298313914.1267,1592457856389.3381,3877841344523.1904,7354251962866.433
0.000454,496549870867.7329,1560378849947.9126,3818771004597.567,7278528002522.669
0.000455,484072129395.80414,1528793166836.2576,3760224429465.9463,7202863420897.498
0.00045599999999999997,471860751141.2381,1497697073934.4521,3702205208128.3374,7127272654220.065
0.000457,459911428079.5887,1467086768497.1943,3644716717408.2944,7051769965908.501
0.00045799999999999997,448219883455.1734,1436958381075.4397,3587762123886.47,6976369442708.535
0.000459,436781872678.07056,1407307978411.4365,3531344385908.4976,6901084990960.585
0.00045999999999999996,425593184182.49274,1378131566306.0671,3475466255664.93,6825930332996.37
0.000461,414649640246.9886,1349425092457.2812,3420130281340.802,6750919003665.662
0.00046199999999999995,403947097776.9863,1321184449268.609,3365338809332.4985,6676064346993.968
0.000463,393481449050.1514,1293405476626.6318,3311093986529.4917,6601379512971.605
0.000464,383248622425.09393,1266083964646.4805,3257397762658.616,6526877454474.748
0.00046499999999999997,373244583013.9448,1239215656384.343,3204251892688.4233,6452570924318.707
0.000466,363465333319.33484,1212796250516.0876,3151657939291.2534,6378472472443.797
0.00046699999999999997,353906913836.3371,1186821403981.1475,3099617275360.636,6304594443233.988
0.000468,344565403619.9169,1161286734590.785,3048131086581.56,6230948972968.326
0.00046899999999999996,335436920818.4635,1136187823600.0085,2997200374051.297,6157547987405.262
0.00047,326517623173.97833,1111520218242.3298,2946825956948.2964,6084403199499.646
0.00047099999999999996,317803708489.5131,1087279434226.7161,2897008475246.86,6011526107252.332
0.000472,309291415064.4287,1063460958196.0261,2847748392475.115,5938927991691.989
0.000473,300977022098.09076,1040060250146.3365,2799045998514.0195,5866619914988.87
0.000474,292856850062.59924,1017072745806.5671,2750901412434.951,5794612718699.983
0.000475,284927261045.15466,994493858977.8461,2703314585373.5923,5722917022145.179
0.00047599999999999997,277184659060.69006,972318983832.1543,2656285303437.779,5651543220913.539
0.000477,269625490335.36725,950543497169.7314,2609813190646.9453,5580501485499.291
0.00047799999999999996,262246243561.57208,929162760634.8713,2563897711900.965,5509801760066.559
0.000479,255043450125.0222,908172122889.6768,2518538175975.9937,5439453761341.962
0.00047999999999999996,248013684304.62872,887566921745.4634,2473733738545.187,5369466977634.242
0.000481,241153563445.71857,867342486251.4639,2429483405221.9326,5299850667979.77
0.00048199999999999995,234459748107.26364,847494138740.5991,2385786034623.5054,5230613861412.945
0.000483,227928942183.7346,828017196832.0295,2342640341452.863,5161765356360.223
0.000484,221557893002.2223,808906975390.3353,2300044899596.499,5093313720156.596
0.00048499999999999997,215343391395.43906,790158788441.1113,2257998145236.1772,5025267288683.1875
0.000486,209282271751.24164,771767951042.8638,2216498379972.456,4957634166124.5625
0.00048699999999999997,203371412039.29868,753729781115.1172,2175543773957.9622,4890422224844.371
0.000488,197607733815.52325,736039601222.6298,2135132369038.312,4823639105377.737
0.000489,191988202204.90497,718692740315.7225,2095262081898.7495,4757292216538.917
0.00049,186509825863.34802,701684535426.6719,2055930707214.4375,4691388735642.495
0.000491,181169656919.14374,685010333322.2334,2017135920802.56,4625935608836.558
0.0004919999999999999,175964790894.68582,668665492112.3203,1978875282774.2385,4560939551545.995
0.000493,170892366609.03717,652645382814.9261,1941146240684.432,4496407049024.175
0.000494,165949566061.96307,636945390877.4283,1903946132678.026,4432344357011.238
0.000495,161133614300.01837,621560917654.3702,1867272190630.2268,4368757502496.9556
0.000496,156441779265.29572,606487381841.9248,1831121543279.5725,4305652284586.3613
0.0004969999999999999,151871371627.42133,591720220869.2114,1795491219351.8232,4243034275466.1147
0.000498,147419744599.38324,577254892246.6852,1760378150673.0198,4180908821469.552
0.000499,143084293737.77603,563086874871.8591,1725779175270.1382,4119281044238.465
0.0005,138862456728.02872,549211670292.59265,1691691040457.6592,4058155841979.37
