time_s,relative_density,linear_shrinkage
0.0,0.6,0.0
18.045112781954888,0.9734081695869112,0.1489558557144509
36.090225563909776,0.9982321863546877,0.15606973755206743
54.13533834586467,0.9998824763530292,0.15653429101500738
72.18045112781955,0.9999921869900443,0.1565651381042058
90.22556390977444,0.9999994804248814,0.15656718862265773
108.27067669172934,0.9999999654555687,0.15656732498628334
126.31578947368422,0.9999999977632956,0.15656733406941425
144.3609022556391,0.99999999978483,0.15656733463775696
162.406015037594,0.9999999999732535,0.15656733469073114
180.45112781954887,1.000000000574867,0.1565673348598713
198.49624060150376,0.9999999995759881,0.15656733457904226
216.54135338345867,0.9999999994712412,0.15656733454959326
234.58646616541355,0.9999999997174578,0.15656733461881567
252.63157894736844,1.0000000001531457,0.1565673347413068
270.6766917293233,1.0000000007764591,0.15656733491654773
288.7218045112782,0.99999999945139,0.15656733454401217
306.7669172932331,0.9999999994779749,0.15656733455148641
324.812030075188,0.9999999996445672,0.15656733459832295
342.8571428571429,0.9999999998699879,0.1565673346616986
360.90225563909775,1.0000000006865022,0.15656733489125685
378.94736842105266,0.999999999924677,0.15656733467707418
396.9924812030075,0.9999999997197762,0.15656733461946748
415.0375939849624,0.9999999996779884,0.1565673346077191
433.08270676691734,0.9999999996827875,0.15656733460906824
451.1278195488722,1.0000000005054286,0.15656733484034913
469.1729323308271,1.0000000001675917,0.15656733474536821
487.21804511278197,0.999999999929136,0.15656733467832773
505.2631578947369,0.9999999998340896,0.156567334651606
523.3082706766918,0.999999999535484,0.15656733456765481
541.3533834586466,1.0000000001721545,0.15656733474665097
559.3984962406015,1.0000000002743168,0.15656733477537332
577.4436090225564,1.0000000000979525,0.15656733472578954
595.4887218045113,1.0000000000232934,0.15656733470479955
613.5338345864662,0.9999999995189174,0.1565673345629972
631.578947368421,0.9999999997717165,0.15656733463407013
649.624060150376,1.0000000002151328,0.15656733475873408
667.6691729323309,1.0000000001823188,0.15656733474950868
685.7142857142858,1.000000000196598,0.15656733475352325
703.7593984962406,0.99999999970703,0.156567334615884
721.8045112781955,0.9999999993789798,0.15656733452365446
739.8496240601504,1.000000000015917,0.15656733470272577
757.8947368421053,1.0000000001663767,0.1565673347450266
775.9398496240602,1.0000000003104925,0.15656733478554397
793.984962406015,1.0000000000084321,0.15656733470062145
812.0300751879699,0.9999999991109827,0.15656733444830873
830.0751879699249,0.9999999997370405,0.15656733462432126
848.1203007518798,1.0000000000537599,0.15656733471336504
866.1654135338347,1.000000000335626,0.1565673347926101
884.2105263157895,1.0000000003143594,0.1565673347866311
902.2556390977444,0.9999999991171715,0.15656733445004867
920.3007518796993,0.9999999994426185,0.15656733454154614
938.3458646616542,1.0000000001390879,0.1565673347373545
956.390977443609,1.0000000001667255,0.15656733474512474
974.4360902255639,1.000000000219956,0.1565673347600901
992.4812030075188,1.000000000105555,0.15656733472792694
1010.5263157894738,0.9999999992899453,0.15656733449862303
1028.5714285714287,0.9999999998676363,0.15656733466103745
1046.6165413533836,1.000000000581525,0.15656733486174312
1064.6616541353385,1.0000000001211113,0.15656733473230056
1082.7067669172932,1.0000000000005942,0.15656733469841777
1100.751879699248,0.9999999998924141,0.15656733466800354
1118.796992481203,0.9999999994985006,0.15656733455725713
1136.842105263158,1.000000000126244,0.1565673347337435
1154.8872180451128,1.0000000002589142,0.156567334771043
1172.9323308270677,1.0000000001079776,0.15656733472860807
1190.9774436090227,1.000000000081758,0.15656733472123652
1209.0225563909776,0.9999999995782991,0.15656733457969207
1227.0676691729325,0.9999999996757437,0.15656733460708794
1245.1127819548872,1.0000000001747136,0.1565673347473705
1263.157894736842,1.0000000001736513,0.15656733474707185
1281.203007518797,1.0000000002336054,0.1565673347639276
1299.248120300752,0.9999999997886285,0.15656733463882488
1317.2932330827068,0.9999999992983051,0.15656733450097327
1335.3383458646617,0.9999999999596898,0.15656733468691775
1353.3834586466166,1.0000000001353573,0.15656733473630569
1371.4285714285716,1.0000000003200669,0.1565673347882357
1389.4736842105265,1.0000000001000822,0.15656733472638829
1407.5187969924812,0.9999999990659876,0.1565673344356585
1425.563909774436,0.9999999996803012,0.15656733460836925
1443.609022556391,1.0000000000103777,0.15656733470116835
1461.654135338346,1.0000000003196285,0.15656733478811247
1479.6992481203008,1.0000000003911942,0.1565673348082327
1497.7443609022557,0.9999999991363763,0.1565673344554479
1515.7894736842106,0.9999999994408276,0.15656733454104266
1533.8345864661655,0.9999999998289497,0.15656733465016104
1551.8796992481205,1.0000000002228167,0.15656733476089435
1569.9248120300751,1.0000000005908969,0.15656733486437802
1587.96992481203,0.9999999994791644,0.1565673345518208
1606.015037593985,0.999999999380893,0.15656733452419247
1624.0601503759399,0.9999999996489967,0.15656733459956818
1642.1052631578948,1.0000000000418054,0.15656733471000417
1660.1503759398497,1.0000000006495684,0.15656733488087315
1678.1954887218046,1.0000000000376963,0.15656733470884887
1696.2406015037595,0.9999999988396174,0.15656733437201598
1714.2857142857144,0.9999999993649149,0.15656733451970029
1732.3308270676694,0.9999999998340412,0.15656733465159245
1750.375939849624,1.0000000001375051,0.15656733473690954
1768.421052631579,1.0000000004837415,0.1565673348342519
1786.4661654135339,0.9999999999158823,0.1565673346746016
1804.5112781954888,0.9999999988800161,0.15656733438337378
1822.5563909774437,0.9999999997813005,0.15656733463676464
1840.6015037593986,1.0000000000950005,0.15656733472495965
1858.6466165413535,1.000000000172231,0.1565673347466725
1876.6917293233084,1.000000000282367,0.15656733477763662
1894.7368421052633,0.9999999998381506,0.15656733465274775
1912.781954887218,0.9999999992060181,0.15656733447502735
1930.827067669173,0.9999999998957592,0.156567334668944
1948.8721804511279,1.0000000000924432,0.15656733472424056
1966.9172932330828,1.0000000003160423,0.15656733478710427
1984.9624060150377,1.0000000002156075,0.15656733475886764
2003.0075187969926,0.9999999990266264,0.15656733442459236
2021.0526315789475,0.9999999996177296,0.15656733459077765
2039.0977443609024,0.9999999999602218,0.1565673346870674
2057.1428571428573,1.0000000002947362,0.15656733478111418
2075.187969924812,1.0000000004751481,0.15656733483183594
2093.233082706767,0.9999999991670517,0.15656733446407212
2111.278195488722,0.9999999994101106,0.1565673345324068
2129.323308270677,0.9999999997830089,0.15656733463724504
2147.3684210526317,1.000000000175178,0.15656733474750106
2165.4135338345864,1.0000000006417398,0.15656733487867225
2183.4586466165415,0.9999999995308936,0.15656733456636418
2201.503759398496,0.9999999994146672,0.15656733453368787
2219.5488721804513,0.9999999996258707,0.1565673345930665
2237.593984962406,0.9999999999842328,0.1565673346938179
2255.639097744361,1.0000000006612662,0.15656733488416197
2273.684210526316,0.9999999998967184,0.1565673346692137
2291.729323308271,0.9999999996304118,0.15656733459434313
2309.7744360902257,0.9999999995773027,0.15656733457941185
2327.8195488721803,0.9999999997564456,0.1565673346297769
2345.8646616541355,1.0000000005214094,0.15656733484484198
2363.90977443609,1.0000000005405234,0.1565673348502158
2381.9548872180453,0.9999999992601512,0.1565673344902465
2400.0,0.9999999991801407,0.15656733446775206
2418.045112781955,0.999999999600889,0.156567334586043
2436.09022556391,0.9999999999276926,0.15656733467792194
2454.135338345865,1.0000000004606533,0.15656733482776075
2472.1804511278197,1.0000000004319247,0.15656733481968388
2490.2255639097743,0.9999999988697919,0.1565673343804993
2508.2706766917295,0.9999999992111437,0.1565673344764683
2526.315789473684,0.9999999998165348,0.1565673346466706
2544.3609022556393,1.0000000000646192,0.15656733471641815
2562.406015037594,1.000000000343534,0.15656733479483342
2580.451127819549,1.000000000267476,0.15656733477345008
2598.496240601504,0.9999999989633532,0.1565673344068036
2616.541353383459,0.9999999995631238,0.1565673345754255
2634.5864661654136,0.9999999999110343,0.15656733467323858
2652.6315789473683,1.0000000002535918,0.15656733476954665
2670.6766917293235,1.0000000005572138,0.15656733485490826
2688.721804511278,0.9999999992109383,0.15656733447641058
2706.7669172932333,0.9999999993932625,0.15656733452767002
2724.812030075188,0.9999999997446634,0.15656733462646433
2742.857142857143,1.0000000001278146,0.15656733473418516
2760.902255639098,1.0000000006839203,0.15656733489053098
2778.947368421053,0.9999999995775313,0.15656733457947614
2796.9924812030076,0.9999999994590676,0.15656733454617078
2815.0375939849623,0.9999999996143256,0.15656733458982064
2833.0827067669175,0.9999999999290735,0.1565673346783102
2851.127819548872,1.0000000006649896,0.1565673348852087
2869.1729323308273,0.9999999999382733,0.15656733468089667
2887.218045112782,0.9999999996822728,0.15656733460892358
2905.263157894737,0.9999999996121768,0.15656733458921646
2923.308270676692,0.9999999997091998,0.15656733461649397
2941.353383458647,1.000000000490575,0.15656733483617313
2959.3984962406016,1.0000000001945202,0.15656733475293894
2977.4436090225563,0.9999999999177885,0.1565673346751375
2995.4887218045114,0.9999999997661334,0.1565673346325005
3013.533834586466,0.9999999995299517,0.1565673345660994
3031.5789473684213,1.0000000001815776,0.1565673347493003
3049.624060150376,1.000000000298238,0.15656733478209872
3067.669172932331,1.0000000001064218,0.15656733472817064
3085.714285714286,0.9999999999742011,0.15656733469099748
3103.759398496241,0.9999999994816564,0.15656733455252148
3121.8045112781956,0.9999999997914827,0.15656733463962735
3139.8496240601503,1.0000000007221304,0.1565673349012735
3157.8947368421054,1.000000000187932,0.15656733475108675
3175.93984962406,0.9999999997567696,0.15656733462986794
3193.9849624060153,0.9999999997102772,0.15656733461679684
3212.03007518797,0.9999999995835269,0.1565673345811618
3230.075187969925,0.9999999999866781,0.15656733469450534
3248.1203007518798,1.0000000008418248,0.15656733493492492
3266.165413533835,0.999999999953973,0.1565673346853106
3284.2105263157896,0.9999999991474838,0.15656733445857074
3302.2556390977443,0.9999999994156799,0.15656733453397254
3320.3007518796994,0.9999999997056245,0.15656733461548877
3338.345864661654,1.0000000000938898,0.15656733472464734
3356.3909774436092,1.000000000733288,0.15656733490441044
3374.436090225564,0.9999999996049072,0.15656733458717265
3392.481203007519,0.9999999995077552,0.15656733455985905
3410.5263157894738,0.9999999996175866,0.15656733459073746
3428.571428571429,0.9999999998634,0.1565673346598465
3446.6165413533836,1.000000000655256,0.1565673348824722
3464.6616541353387,0.9999999999857277,0.15656733469423822
3482.7067669172934,0.9999999997420268,0.15656733462572303
3500.751879699248,0.9999999996658681,0.1565673346043115
3518.7969924812032,0.9999999996603787,0.15656733460276817
3536.842105263158,1.0000000004482457,0.15656733482427243
3554.887218045113,1.0000000002131444,0.15656733475817508
3572.9323308270677,0.999999999960928,0.1565673346872659
3590.977443609023,0.999999999834251,0.1565673346516514
3609.0225563909776,0.9999999995131855,0.15656733456138572
3627.0676691729327,1.0000000001094658,0.1565673347290264
3645.1127819548874,1.0000000002877565,0.15656733477915186
3663.157894736842,1.0000000001263798,0.1565673347337817
3681.203007518797,1.0000000000351235,0.15656733470812556
3699.248120300752,0.9999999995160379,0.15656733456218763
3717.293233082707,0.9999999997079921,0.15656733461615446
3735.3383458646617,1.0000000001982474,0.15656733475398688
3753.383458646617,1.0000000002002456,0.15656733475454865
3771.4285714285716,1.0000000002130538,0.15656733475814966
3789.4736842105267,0.9999999997280331,0.15656733462178885
3807.5187969924814,0.9999999993316087,0.15656733451033644
3825.563909774436,1.0000000003748166,0.15656733480362828
3843.609022556391,1.000000000386915,0.15656733480702967
3861.654135338346,1.0000000000397442,0.15656733470942463
3879.699248120301,0.9999999999638162,0.15656733468807793
3897.7443609022557,0.9999999996651439,0.15656733460410788
3915.789473684211,0.9999999996145369,0.15656733458988004
3933.8345864661655,1.0000000006607122,0.1565673348840062
3951.8796992481207,1.0000000004361382,0.1565673348208685
3969.9248120300754,0.9999999995916646,0.15656733458344962
3987.96992481203,0.9999999996097808,0.15656733458854288
4006.015037593985,0.9999999996191439,0.15656733459117533
4024.06015037594,0.9999999998212677,0.1565673346480012
4042.105263157895,1.000000000676526,0.1565673348884521
4060.1503759398497,1.00000000000028,0.1565673346983295
4078.195488721805,0.9999999997856892,0.15656733463799855
4096.2406015037595,0.9999999997295838,0.15656733462222483
4114.285714285715,0.9999999996231717,0.15656733459230765
4132.330827067669,1.000000000389562,0.15656733480777385
4150.375939849624,1.0000000002274196,0.15656733476218843
4168.421052631579,0.9999999999984911,0.15656733469782658
4186.466165413534,0.9999999998979122,0.15656733466954942
4204.511278195489,0.9999999995071026,0.15656733455967553
4222.556390977444,1.0000000000373854,0.1565673347087615
4240.601503759399,1.0000000002719962,0.15656733477472096
4258.646616541354,1.000000000138595,0.15656733473721596
4276.691729323308,1.00000000008836,0.1565673347230927
4294.736842105263,0.9999999995643272,0.15656733457576388
4312.7819548872185,0.9999999996264345,0.15656733459322503
4330.827067669173,1.0000000001585336,0.15656733474282158
4348.872180451128,1.0000000001890155,0.1565673347513914
4366.917293233083,1.0000000002453764,0.15656733476723694
4384.962406015038,0.9999999998057658,0.15656733464364292
4403.007518796992,0.99999999926333,0.15656733449114024
4421.0526315789475,0.9999999999222118,0.15656733467638106
4439.097744360903,1.000000000137148,0.15656733473680917
4457.142857142857,1.00000000033067,0.15656733479121676
4475.187969924812,1.0000000001202616,0.15656733473206164
4493.233082706767,0.9999999990737172,0.15656733443783177
4511.278195488722,0.9999999996363308,0.15656733459600725
4529.3233082706765,0.9999999999955714,0.15656733469700568
4547.368421052632,1.0000000003207021,0.15656733478841434
4565.413533834587,1.0000000004064395,0.15656733481251894
4583.458646616542,0.9999999992160984,0.1565673344778613
4601.503759398496,0.9999999992624075,0.1565673344908809
4619.548872180451,1.000000000024312,0.156567334705086
4637.5939849624065,1.000000000145422,0.1565673347391353
4655.639097744361,1.0000000002392122,0.15656733476550388
4673.684210526316,1.000000000189002,0.15656733475138762
4691.729323308271,0.9999999993104108,0.15656733450437677
4709.774436090226,0.9999999996749568,0.15656733460686678
4727.81954887218,1.0000000005060639,0.15656733484052776
4745.8646616541355,1.000000000174784,0.15656733474739026
4763.909774436091,1.000000000059584,0.1565673347150024
4781.954887218046,0.9999999999633025,0.1565673346879335
4800.0,0.999999999481553,0.1565673345524924
4818.045112781955,0.9999999999729903,0.1565673346906572
4836.09022556391,1.00000000024687,0.15656733476765683
4854.1353383458645,1.0000000001406044,0.15656733473778084
4872.18045112782,1.0000000001423344,0.15656733473826723
4890.225563909775,0.9999999996462823,0.156567334598805
4908.27067669173,0.9999999995266337,0.15656733456516658
4926.315789473684,1.0000000001070348,0.15656733472834294
4944.360902255639,1.000000000170517,0.15656733474619067
4962.406015037594,1.0000000002751464,0.15656733477560658
4980.451127819549,0.9999999998995301,0.15656733467000428
4998.496240601504,0.9999999991869413,0.15656733446966398
5016.541353383459,0.9999999998593606,0.15656733465871087
5034.586466165414,1.0000000000978084,0.15656733472574902
5052.631578947368,1.0000000003305904,0.15656733479119433
5070.6766917293235,1.000000000214966,0.15656733475868723
5088.721804511279,0.9999999990467795,0.1565673344302584
5106.766917293234,0.9999999995808774,0.15656733458041683
5124.812030075188,0.9999999999472591,0.156567334683423
5142.857142857143,1.0000000002946063,0.15656733478107765
5160.902255639098,1.000000000479511,0.1565673348330625
5178.9473684210525,0.9999999992502919,0.15656733448747473
5196.992481203008,0.9999999993894109,0.1565673345265871
5215.037593984963,0.9999999997585332,0.15656733463036376
5233.082706766918,1.000000000164267,0.15656733474443352
5251.127819548872,1.0000000006313108,0.15656733487574015
5269.172932330827,0.9999999997218948,0.15656733462006311
5287.218045112782,0.9999999988329903,0.1565673343701528
5305.263157894737,0.9999999995824086,0.15656733458084737
5323.308270676692,0.9999999999625561,0.15656733468772366
5341.353383458647,1.000000000202544,0.1565673347551948
5359.398496240602,1.0000000004255671,0.15656733481789653
5377.443609022556,0.9999999996487442,0.15656733459949723
5395.488721804511,0.9999999990847701,0.15656733444093918
5413.533834586467,1.0000000000959384,0.15656733472522333
5431.578947368422,1.000000000176223,0.15656733474779483
5449.624060150376,1.0000000001665932,0.15656733474508744
5467.669172932331,1.0000000001976819,0.1565673347538279
5485.714285714286,0.9999999996521697,0.15656733460046035
5503.7593984962405,0.9999999994479057,0.15656733454303262
5521.804511278196,1.0000000000586697,0.15656733471474538
5539.849624060151,1.000000000141541,0.15656733473804418
5557.894736842106,1.0000000002886413,0.15656733477940066
5575.93984962406,1.0000000000115048,0.15656733470148532
5593.984962406015,0.9999999991195113,0.15656733445070647
5612.03007518797,0.9999999997979052,0.15656733464143302
5630.075187969925,1.000000000058219,0.1565673347146187
5648.12030075188,1.0000000003244158,0.1565673347894584
5666.165413533835,1.0000000003022687,0.15656733478323182
5684.21052631579,0.9999999990284063,0.15656733442509285
5702.255639097744,0.9999999995326481,0.15656733456685745
5720.300751879699,0.9999999999020938,0.15656733467072492
5738.345864661655,1.0000000002632927,0.15656733477227402
5756.39097744361,1.0000000005453162,0.15656733485156327
5774.436090225564,0.9999999992881049,0.15656733449810556
5792.481203007519,0.9999999993790629,0.15656733452367788
5810.526315789474,0.9999999997229368,0.1565673346203561
5828.571428571428,1.000000000117834,0.15656733473137907
5846.616541353384,1.0000000006643144,0.15656733488501895
5864.661654135339,0.9999999996636973,0.1565673346037012
5882.706766917294,0.9999999994800401,0.15656733455206706
5900.751879699248,0.9999999995906551,0.15656733458316585
5918.796992481203,0.9999999999080937,0.1565673346724118
5936.842105263158,1.0000000006294583,0.15656733487521934
5954.887218045113,1.000000000007421,0.15656733470033712
5972.932330827068,0.99999999971515,0.15656733461816685
5990.977443609023,0.9999999996041821,0.1565673345869688
6009.022556390978,0.9999999996801026,0.1565673346083134
6027.067669172932,1.0000000004374043,0.15656733482122454
6045.112781954887,1.0000000006370997,0.15656733487736763
6063.1578947368425,0.9999999994396442,0.15656733454070992
6081.203007518798,0.9999999992286082,0.15656733448137838
6099.248120300752,0.9999999995562804,0.15656733457350158
6117.293233082707,0.9999999998623418,0.15656733465954897
6135.338345864662,1.0000000004192695,0.15656733481612595
6153.383458646616,1.0000000005481298,0.1565673348523543
6171.428571428572,0.9999999990199898,0.15656733442272663
6189.473684210527,0.9999999990819248,0.15656733444013926
6207.518796992482,0.9999999997246632,0.15656733462084138
6225.563909774436,1.0000000000177405,0.15656733470323836
6243.609022556391,1.0000000003360396,0.15656733479272644
6261.654135338346,1.0000000003735712,0.1565673348032781
6279.699248120301,0.999999998990545,0.15656733441444837
6297.744360902256,0.9999999994821919,0.15656733455267202
6315.789473684211,0.9999999998513524,0.15656733465645933
6333.834586466166,1.0000000002140785,0.15656733475843776
6351.87969924812,1.0000000006179932,0.15656733487199603
6369.924812030075,0.9999999993411219,0.15656733451301097
6387.9699248120305,0.9999999993829002,0.15656733452475668
6406.015037593986,0.9999999996889887,0.15656733461081174
6424.06015037594,1.0000000000621783,0.1565673347157318
6442.105263157895,1.0000000006956775,0.15656733489383645
6460.15037593985,0.9999999997145341,0.15656733461799366
6478.195488721804,0.9999999995335677,0.15656733456711602
6496.2406015037595,0.9999999995931402,0.15656733458386451
6514.285714285715,0.9999999998495382,0.1565673346559493
6532.33082706767,1.0000000006193954,0.15656733487239027
6550.375939849624,1.0000000000460663,0.1565673347112021
6568.421052631579,0.9999999997693144,0.15656733463339478
6586.466165413534,0.9999999996569461,0.15656733460180317
6604.511278195489,0.9999999996356402,0.15656733459581307
6622.556390977444,1.0000000003924505,0.15656733480858598
6640.601503759399,1.0000000002510798,0.15656733476884044
6658.646616541354,0.999999999993903,0.1565673346965366
6676.691729323308,0.9999999998386074,0.1565673346528762
6694.736842105263,0.9999999994918456,0.15656733455538607
6712.7819548872185,1.0000000000463518,0.15656733471128237
6730.827067669174,1.0000000007977026,0.15656733492252028
6748.872180451128,0.9999999999567091,0.15656733468607975
6766.917293233083,0.9999999995602857,0.15656733457462768
6784.962406015038,0.9999999996004538,0.15656733458592065
6803.007518796992,0.9999999996505178,0.15656733459999583
6821.0526315789475,1.000000000167936,0.15656733474546503
6839.097744360903,1.0000000008314136,0.15656733493199793
6857.142857142858,0.9999999996005711,0.15656733458595362
6875.187969924812,0.9999999989338253,0.1565673343985019
6893.233082706767,0.9999999994617325,0.15656733454691996
6911.278195488722,0.9999999998097038,0.15656733464475003
6929.323308270677,1.000000000206715,0.15656733475636753
6947.368421052632,1.0000000006736298,0.15656733488763797
6965.413533834587,0.9999999993445414,0.1565673345139723
6983.458646616542,0.9999999993936326,0.15656733452777405
7001.503759398496,0.9999999996673785,0.15656733460473615
7019.548872180451,0.9999999999993592,0.1565673346980706
7037.5939849624065,1.0000000007136134,0.15656733489887908
7055.639097744362,0.9999999997685599,0.15656733463318273
7073.684210526316,0.9999999995888522,0.15656733458265892
7091.729323308271,0.9999999996090182,0.1565673345883285
7109.774436090226,0.9999999997968773,0.15656733464114403
7127.81954887218,1.0000000006040408,0.1565673348680734
7145.8646616541355,1.0000000000772924,0.15656733471998108
7163.909774436091,0.9999999998175619,0.15656733464695938
7181.954887218046,0.9999999996997172,0.156567334613828
7200.0,0.9999999998260448,0.15656733464934425
