time_s,L_theta_20_m,L_theta_40_m,L_theta_60_m
0.0,0.0,0.0,0.0
0.0003333333333333334,4.880199530536611e-05,4.406275562674488e-05,3.559833394009255e-05
0.0006666666666666668,6.901644363171686e-05,6.231414660287402e-05,5.034364665596535e-05
0.001,8.452753537963192e-05,7.631893146701356e-05,6.165812304904388e-05
0.0013333333333333335,9.760399061073222e-05,8.812551125348977e-05,7.11966678801851e-05
0.001666666666666667,0.00010912457894042421,9.852731685736291e-05,7.960029457578488e-05
0.002,0.00011953998692784707,0.00010793126794647335,8.719775384642699e-05
0.0023333333333333335,0.00012911794306174037,0.00011657909346857893,9.418433869371498e-05
0.002666666666666667,0.0001380328872634337,0.00012462829320574804,0.0001006872933119307
0.0030000000000000005,0.00014640598591609833,0.00013218826688023464,0.00010679500182027766
0.003333333333333334,0.00015432545952580136,0.0001393386677639139,0.00011257181615796848
0.003666666666666667,0.00016185790744858508,0.00014613962764303397,0.00011806631684106097
0.004,0.00016905507075926383,0.00015263786293402711,0.00012331624609808776
0.004333333333333334,0.00017595809641845038,0.00015887052475046807,0.00012835161834209372
0.004666666666666667,0.0001826003462236303,0.00016486773507242504,0.0001331967691437928
0.005000000000000001,0.00018900931507937548,0.00017065431873039007,0.0001378717545027087
0.005333333333333334,0.00019520798122146443,0.00017625102250697953,0.0001423933357603702
0.005666666666666667,0.00020121578138492164,0.00018167539560484805,0.00014677569093101168
0.006000000000000001,0.0002070493308951506,0.00018694243980862206,0.00015103093996789605
0.006333333333333334,0.00021272296577923722,0.00019206509895090915,0.00015516954020327754
0.006666666666666668,0.00021824915788084843,0.00019705463371472582,0.00015920058915156975
0.007000000000000001,0.00022363883755171975,0.0002019209129878998,0.0001631320598947897
0.007333333333333334,0.00022890164789111822,0.0002066726434129327,0.0001669709865360674
0.007666666666666668,0.00023404614748603414,0.00021131755243876803,0.00017072361208730896
0.008,0.00023907997385569414,0.0002158625358929467,0.00017439550769285397
0.008333333333333335,0.00024400997652683054,0.00022031377813372442,0.00017799166970046277
0.008666666666666668,0.00024884232636432525,0.00022467685076344243,0.00018151659941192423
0.009000000000000001,0.0002535826061388958,0.0002289567944010407,0.00018497436914713164
0.009333333333333334,0.00025823588612348074,0.00023315818693715786,0.00018836867738742996
0.009666666666666667,0.00026280678763640085,0.00023728520090651438,0.00019170289512680818
0.010000000000000002,0.00026729953680010234,0.00024134165202605856,0.0001949801050859045
0.010333333333333335,0.00027171801029621543,0.0002453310405066782,0.00019820313508776976
0.010666666666666668,0.0002760657745268674,0.0002492565864114961,0.0002013745866238614
0.011000000000000001,0.00028034611930773036,0.000253121260076932,0.0002044968594312426
0.011333333333333334,0.0002845620869980559,0.0002569278084138735,0.00020757217274131843
0.011666666666666669,0.00028871649780099883,0.00026067877775104426,0.00021060258373501047
0.012000000000000002,0.00029281197183219667,0.0002643765337604693,0.00021359000364055533
0.012333333333333335,0.00029685094844727057,0.00026802327890805083,0.00021653621183183837
0.012666666666666668,0.00030083570323322507,0.00027162106779490624,0.0002194428682226723
0.013000000000000001,0.00030476836299985936,0.00027517182069293955,0.00022231152420219575
0.013333333333333336,0.0003086509190516027,0.0002786773355278278,0.00022514363231593696
0.013666666666666669,0.0003124852389748738,0.00028213929852169076,0.00022794055486403505
0.014000000000000002,0.0003162730771389955,0.0002855592936742455,0.00023070357156107163
0.014333333333333335,0.0003200160840782131,0.00028893881123372167,0.00023343388637973034
0.014666666666666668,0.00032371581489717017,0.00029227925528606794,0.00023613263368212195
0.015000000000000001,0.00032737373682127267,0.0002955819505720887,0.00023880088372735462
0.015333333333333336,0.00033099123599592315,0.0002988481486263934,0.00024143964763119558
0.01566666666666667,0.00033456962362398335,0.00030207903331884054,0.00024404988184300813
0.016,0.00033811014151852766,0.00030527572586805423,0.0002466324921961755
0.016333333333333335,0.00034161396713756274,0.00030843928938721415,0.00024918833758064786
0.01666666666666667,0.0003450822181585843,0.0003115707330143701,0.0002517182332798267
0.017,0.0003485159566433562,0.0003146710156727723,0.00025422295400853875
0.017333333333333336,0.00035191619283690077,0.00031774104950093614,0.00025670323668418744
0.017666666666666667,0.0003552838886392172,0.00032078170298721625,0.0002591597829591781
0.018000000000000002,0.0003586199607835413,0.00032379380383942006,0.00026159326153928097
0.018333333333333337,0.0003619252837509058,0.0003267781416163313,0.0002640043103096406
0.018666666666666668,0.0003652006924472606,0.0003297354701448501,0.0002663935382875856
0.019000000000000003,0.0003684469846663745,0.0003326665097437185,0.0002687615274191782
0.019333333333333334,0.0003716649233591039,0.0003355719492724173,0.00027110883423451924
0.01966666666666667,0.0003748552387273166,0.000338452448021745,0.0002734359913751487
0.020000000000000004,0.00037801863015875096,0.00034130863746078014,0.0002757435090054174
0.020333333333333335,0.0003811557680173337,0.00034414112285333835,0.0002780318761184247
0.02066666666666667,0.00038426729530194017,0.00034695048475564746,0.00028030156174599065
0.021,0.0003873538291852211,0.0003497372804057368,0.00028255301608114494
0.021333333333333336,0.00039041596244292887,0.00035250204501395907,0.0002847866715207404
0.02166666666666667,0.00039345426478311737,0.00035524529296310946,0.0002870029436350304
0.022000000000000002,0.0003964692840836581,0.00035796751892576466,0.00028920223207036766
0.022333333333333337,0.0003994615475456848,0.00036066919890571464,0.00029138492139057766
0.02266666666666667,0.0004024315627698433,0.0003633507912096961,0.00029355138186202336
0.023000000000000003,0.00040537981876156997,0.00036601273735504674,0.0002957019701868992
0.023333333333333338,0.0004083067868710344,0.0003686554629183686,0.0002978370301888672
0.02366666666666667,0.0004112129216728643,0.0003712793783298217,0.00029995689345476713
0.024000000000000004,0.0004140986617903012,0.0003738848796172441,0.0003020618799357921
0.024333333333333335,0.0004169644306680166,0.0003764723491039194,0.00030415229851121496
0.02466666666666667,0.00041981063729744654,0.0003790421560634722,0.00030622844751747926
0.025000000000000005,0.0004226376768981596,0.00038159465733506785,0.0003082906152452194
0.025333333333333336,0.00042544593155847445,0.0003841301979018183,0.0003103390804065551
0.02566666666666667,0.00042823577083826513,0.0003866491114350482,0.00031237411257480443
0.026000000000000002,0.0004310075523366477,0.0003891517208068526,0.00031439597259857977
0.026333333333333337,0.0004337616222270166,0.00039163833857317496,0.00031640491299206666
0.026666666666666672,0.00043649831576169685,0.00039410926742945165,0.0003184011783031395
0.027000000000000003,0.000439217957748295,0.00039656480064070393,0.000320385005460833
0.027333333333333338,0.00044192086299966424,0.00039900522244780645,0.00032235662410356694
0.02766666666666667,0.0004446073367592498,0.000401430808451526,0.0003243162568894114
0.028000000000000004,0.0004472776751034395,0.0004038418259757996,0.0003262641197895794
0.028333333333333335,0.0004499321653224216,0.0004062385344116068,0.00032820042236624155
0.02866666666666667,0.00045257108628093766,0.00040862118554268876,0.00033012536803567476
0.029000000000000005,0.00045519470876021053,0.00041099002385427155,0.0003320391543176799
0.029333333333333336,0.00045780329578223644,0.0004133452868258654,0.0003339419730721348
0.02966666666666667,0.00046039710291753883,0.00041568720520913216,0.0003358340107234834
0.030000000000000002,0.0004629763785774041,0.00041801600329174167,0.00033771544847390546
0.030333333333333337,0.00046554136429154477,0.0004203318991480704,0.0003395864625058564
0.030666666666666672,0.0004680922949720683,0.00042263510487753605,0.00034144722417461793
0.031000000000000003,0.0004706293991645685,0.0004249258268313049,0.0003432979001914549
0.03133333333333334,0.00047315289928709906,0.0004272042658280584,0.0003451386527979335
0.03166666666666667,0.00047566301185773596,0.00042947061735945636,0.0003469696399319151
0.032,0.0004781599477113883,0.0004317250717858934,0.00034879101538570794
0.03233333333333334,0.0004806439122064719,0.0004339678145231016,0.0003506029289568236
0.03266666666666667,0.000483115105422018,0.0004361990262201181,0.0003524055265917574
0.033,0.0004855737223457552,0.00043841888292910184,0.0003541989505231829
0.03333333333333334,0.0004880199530536611,0.00044062755626744885,0.00035598333940092553
0.03366666666666667,0.000490453982881455,0.0004428252135726307,0.0003577588284170565
0.034,0.000492875992588468,0.0004450120180501514,0.00035952554942542705
0.03433333333333334,0.0004952861585143002,0.00044718812891499093,0.0003612836310559414
0.03466666666666667,0.0004976846527286505,0.00044935370152688486,0.00036303319882384846
0.035,0.000500071643174678,0.00045150888751976405,0.000364774375234317
0.035333333333333335,0.0005024472938062334,0.0004536538349256592,0.0003665072798825374
0.03566666666666667,0.0005048117647192788,0.0004557886882933576,0.0003682320295495857
0.036000000000000004,0.0005071652122777915,0.0004579135888020814,0.0003699487382942633
0.036333333333333336,0.0005095077892344359,0.00046002867437043956,0.0003716575175411196
0.036666666666666674,0.0005118396448462617,0.0004621340797608917,0.00037335847616484883
0.037000000000000005,0.0005141609249856822,0.0004642299366799479,0.00037505172057124113
0.037333333333333336,0.0005164717722469615,0.0004663163738743157,0.0003767373547748599
0.037666666666666675,0.0005187723260484336,0.0004683935172231922,0.0003784154804736046
0.038000000000000006,0.0005210627227306586,0.0004704614898268881,0.0003800861971203103
0.03833333333333334,0.0005233430956507138,0.0004725204120919617,0.00038174960199152756
0.03866666666666667,0.0005256135752728017,0.00047457040181302876,0.00038340579025361636
0.03900000000000001,0.0005278742892553511,0.0004766115742514043,0.0003850548550262812
0.03933333333333334,0.0005301253625347754,0.00047864404221072685,0.0003866968874436679
0.03966666666666667,0.0005323669174060426,0.0004806679161097049,0.00038833197671313534
0.04000000000000001,0.0005345990736002047,0.0004826833040521171,0.000389960210171809
0.04033333333333334,0.0005368219483590272,0.0004846903118941937,0.0003915816733410181
0.04066666666666667,0.0005390356565068465,0.00048668904330949656,0.00039319644997871245
0.04100000000000001,0.0005412403105197838,0.0004886795998514111,0.00039480462212994983
0.04133333333333334,0.0005434360205924309,0.0004906620810133564,0.0003964062701755395
0.04166666666666667,0.0005456228947021211,0.0004926365842868145,0.00039800147287892437
0.042,0.0005478010386708909,0.0004946032052172751,0.0003995903074313784
0.04233333333333334,0.0005499705562252328,0.0004965620374581853,0.00040117284949559316
0.04266666666666667,0.0005521315490537349,0.0004985131728229922,0.0004027491732477228
0.043000000000000003,0.0005542841168626987,0.000500456701335359,0.0004043193514179535
0.04333333333333334,0.0005564283574298193,0.0005023927112776329,0.00040588345532966097
0.04366666666666667,0.000558564366656012,0.0005043212892376378,0.0004074415549372146
0.044000000000000004,0.0005606922386154607,0.000506242520153864,0.0004089937188624852
0.044333333333333336,0.000562812065603965,0.0005081564873591182,0.0004105400144301112
0.044666666666666674,0.0005649239381856524,0.000510063272622701,0.0004120805077015731
0.045000000000000005,0.0005670279452381265,0.0005119629561911702,0.0004136152635081261
0.04533333333333334,0.0005691241739961119,0.000513855616827747,0.00041514434548263685
0.045666666666666675,0.0005712127100936582,0.0005157413318504215,0.0004166678160903687
0.046000000000000006,0.0005732936376049595,0.0005176201771688086,0.00041818573665875744
0.04633333333333334,0.0005753670390838457,0.0005194922273198041,0.00041969816740621826
0.046666666666666676,0.0005774329956019977,0.0005213575555020885,0.00042120516747002094
0.04700000000000001,0.0005794915867859356,0.0005232162336095236,0.00042270679493327135
0.04733333333333334,0.00058154289085283,0.0005250683322634852,0.0004242031068510331
0.04766666666666667,0.0005835869846451782,0.0005269139208441735,0.00042569415927562286
0.04800000000000001,0.0005856239436643933,0.0005287530675209386,0.00042718000728111065
0.04833333333333334,0.0005876538421033436,0.0005305858392816609,0.00042866070498705623
0.04866666666666667,0.0005896767528778852,0.0005324123019612213,0.0004301363055815103
0.04900000000000001,0.0005916927476574235,0.000534232520269095,0.0004316068613433072
0.04933333333333334,0.0005937018968945411,0.0005360465578161017,0.00043307242366367674
0.04966666666666667,0.0005957042698537265,0.0005378544771403445,0.00043453304306720044
0.05000000000000001,0.0005976999346392354,0.0005396563397323668,0.00043598876923213497
0.05033333333333334,0.0005996889582221197,0.0005414522060595542,0.0004374396510101275
0.05066666666666667,0.0006016714064664501,0.0005432421355898125,0.0004388857364453446
0.051000000000000004,0.0006036473441547649,0.0005450261868145442,0.00044032707279303507
0.05133333333333334,0.0006056168350127713,0.0005468044172709513,0.00044176370653754843
0.05166666666666667,0.0006075799417333256,0.0005485768835636869,0.00044319568340982695
0.052000000000000005,0.0006095367259997187,0.0005503436413858791,0.0004446230484043915
0.05233333333333334,0.0006114872485082916,0.0005521047455395501,0.0004460458457958377
0.052666666666666674,0.0006134315689904018,0.00055386024995545,0.0004474641191548598
0.053000000000000005,0.0006153697462337672,0.0005556102077123276,0.0004488779113638194
0.053333333333333344,0.0006173018381032054,0.0005573546710556556,0.00045028726463187393
0.053666666666666675,0.0006192279015607914,0.0005590936914158309,0.00045169222050968024
0.054000000000000006,0.0006211479926854518,0.0005608273194258661,0.0004530928199036881
0.05433333333333334,0.0006230621666920171,0.0005625556049385916,0.00045448910309003703
0.054666666666666676,0.0006249704779497476,0.0005642785970433815,0.0004558811097280701
0.05500000000000001,0.0006268729800003514,0.0005659963440824236,0.00045726887887347745
0.05533333333333334,0.000628769725575513,0.0005677088936665441,0.0004586524489910823
0.05566666666666668,0.0006306607666139467,0.0005694162926906059,0.00046003185796728
0.05600000000000001,0.000632546154277991,0.000571118587348491,0.00046140714312214326
0.05633333333333334,0.0006344259389697594,0.0005728158231476834,0.0004627783412212032
0.05666666666666667,0.0006363001703468622,0.0005745080449234635,0.0004641454884869169
0.05700000000000001,0.0006381688973377117,0.0005761952968527275,0.00046550862060983257
0.05733333333333334,0.0006400321681564262,0.0005778776224674433,0.0004668677727594607
0.05766666666666667,0.0006418900303173439,0.0005795550646677562,0.00046822297959486114
0.05800000000000001,0.0006437425306491609,0.0005812276657347527,0.00046957427527495593
0.05833333333333334,0.0006455897153087018,0.0005828954673428947,0.00047092169346857495
0.05866666666666667,0.0006474316297943403,0.0005845585105721359,0.0004722652673642439
0.05900000000000001,0.0006492683189590731,0.000586216835919727,0.0004736050296797228
0.05933333333333334,0.000651099827023265,0.0005878704833117226,0.0004749410126713016
0.05966666666666667,0.0006529261975870708,0.0005895194921141969,0.0004762732481428616
0.060000000000000005,0.0006547474736425453,0.0005911639011441774,0.00047760176745470924
0.06033333333333334,0.0006565636975854517,0.0005928037486803075,0.0004789266015321894
0.060666666666666674,0.0006583749112267763,0.0005944390724732412,0.0004802477808740847
0.061000000000000006,0.0006601811558039584,0.0005960699097557849,0.0004815653355608076
0.061333333333333344,0.0006619824719918463,0.0005976962972527868,0.00048287929526239117
0.061666666666666675,0.0006637788999133827,0.0005993182711907872,0.0004841896892462849
0.062000000000000006,0.0006655704791500337,0.0006009358673074326,0.00048549654638496063
0.062333333333333345,0.0006673572487519637,0.0006025491208606636,0.0004867998951633357
0.06266666666666668,0.0006691392472479667,0.0006041580666376811,0.00048809976368601626
0.06300000000000001,0.0006709165126551592,0.0006057627389636994,0.0004893961796843691
0.06333333333333334,0.0006726890824884445,0.0006073631717104892,0.0004906891705234237
0.06366666666666668,0.0006744569937697513,0.0006089593983047206,0.0004919787632086124
0.064,0.0006762202830370553,0.0006105514517361085,0.000493264984392351
0.06433333333333334,0.0006779789863531909,0.0006121393645653675,0.0004945478603804658
0.06466666666666668,0.0006797331393144558,0.0006137231689319821,0.0004958274171384707
0.065,0.0006814827770590172,0.0006153028965617961,0.0004971036802976994
0.06533333333333334,0.0006832279342751255,0.0006168785787744283,0.0004983766751612957
0.06566666666666668,0.0006849686452091368,0.0006184502464905167,0.0004996464267100667
0.066,0.0006867049436733546,0.000620017930238798,0.0005009129596082021
0.06633333333333334,0.0006884368630536937,0.0006215816601630274,0.0005021762982088648
0.06666666666666668,0.0006901644363171686,0.0006231414660287402,0.0005034364665596534
0.067,0.0006918876960192167,0.000624697377229863,0.0005046934884079439
0.06733333333333334,0.0006936066743108555,0.0006262494227951767,0.0005059473872061104
0.06766666666666668,0.000695321402945681,0.0006277976313946353,0.0005071981861166305
0.068,0.0006970319132867124,0.0006293420313455446,0.0005084459080170775
0.06833333333333334,0.0006987382363130845,0.0006308826506186066,0.0005096905755050026
0.06866666666666668,0.0007004404026265939,0.0006324195168438282,0.0005109322109027099
0.069,0.0007021384424581024,0.000633952657316304,0.0005121708362619268
0.06933333333333334,0.0007038323856738015,0.0006354820990018723,0.0005134064733683749
0.06966666666666668,0.0007055222617813416,0.0006370078685426482,0.0005146391437462391
0.07,0.0007072080999358286,0.0006385299922624386,0.0005158688686625434
0.07033333333333334,0.0007088899289456931,0.0006400484961720419,0.0005170956691314314
0.07066666666666667,0.0007105677772784344,0.0006415634059744325,0.0005183195659183562
0.07100000000000001,0.0007122416730662421,0.0006430747470698384,0.0005195405795441811
0.07133333333333335,0.0007139116441114998,0.0006445825445607094,0.0005207587302891944
0.07166666666666667,0.0007155777178921726,0.0006460868232565814,0.0005219740381970393
0.07200000000000001,0.0007172399215670826,0.0006475876076788401,0.0005231865230785619
0.07233333333333335,0.000718898281981074,0.0006490849220653841,0.000524396204515579
0.07266666666666667,0.0007205528256700717,0.0006505787903751918,0.0005256031018645678
0.07300000000000001,0.0007222035788660353,0.0006520692362927959,0.0005268072342602801
0.07333333333333335,0.0007238505675018116,0.0006535562832326626,0.0005280086206192812
0.07366666666666667,0.0007254938172158874,0.0006550399543434847,0.0005292072796434175
0.07400000000000001,0.0007271333533570473,0.0006565202725123854,0.0005304032298232136
0.07433333333333335,0.0007287692009889343,0.0006579972603690376,0.0005315964894411992
0.07466666666666667,0.0007304013848945212,0.0006594709402897002,0.0005327870765751712
0.07500000000000001,0.0007320299295804916,0.0006609413344011733,0.0005339750091013883
0.07533333333333335,0.000733654859281532,0.0006624084645846744,0.0005351603046977027
0.07566666666666667,0.00073527619796454,0.0006638723524796374,0.0005363429808466298
0.07600000000000001,0.000736893969332749,0.000665333019487437,0.0005375230548383564
0.07633333333333334,0.0007385081968297707,0.0006667904867750381,0.0005387005437736897
0.07666666666666667,0.0007401189036435594,0.0006682447752785762,0.0005398754645669494
0.07700000000000001,0.0007417261127102979,0.0006696959057068641,0.0005410478339488014
0.07733333333333334,0.0007433298467182078,0.0006711438985448346,0.0005422176684690385
0.07766666666666668,0.0007449301281112875,0.0006725887740569132,0.0005433849844993055
0.07800000000000001,0.0007465269790929758,0.0006740305522903273,0.0005445497982357728
0.07833333333333334,0.0007481204216297462,0.0006754692530783513,0.0005457121257017579
0.07866666666666668,0.0007497104774546332,0.00067690489604349,0.0005468719827502974
0.07900000000000001,0.0007512971680706903,0.000678337500600601,0.0005480293850666694
0.07933333333333334,0.0007528805147543827,0.0006797670859599578,0.000549184348170869
0.07966666666666668,0.0007544605385589158,0.0006811936711302556,0.0005503368874200353
0.08000000000000002,0.0007560372603175019,0.0006826172749215603,0.0005514870180108348
0.08033333333333334,0.000757610700646565,0.0006840379159482019,0.0005526347549817992
0.08066666666666668,0.0007591808799488855,0.0006854556126316142,0.0005537801132156188
0.08100000000000002,0.0007607478184166873,0.0006868703832031221,0.0005549231074413949
0.08133333333333334,0.0007623115360346674,0.0006882822457066767,0.0005560637522368494
0.08166666666666668,0.0007638720525829695,0.0006896912180015404,0.0005572020620304942
0.08200000000000002,0.0007654293876401037,0.0006910973177649227,0.00055833805110376
0.08233333333333334,0.0007669835605858113,0.0006925005624945677,0.000559471733593088
0.08266666666666668,0.0007685345906038803,0.0006939009695112949,0.0005606031234919813
0.083,0.0007700824966849064,0.0006952985559614928,0.0005617322346530203
0.08333333333333334,0.0007716272976290068,0.0006966933388195695,0.0005628590807898423
0.08366666666666668,0.000773169012048484,0.0006980853348903569,0.0005639836754790839
0.084,0.0007747076583704422,0.0006994745608114736,0.0005651060321622899
0.08433333333333334,0.0007762432548393569,0.0007008610330556451,0.0005662261641477877
0.08466666666666668,0.000777775819519599,0.0007022447679329825,0.0005673440846125284
0.085,0.0007793053702979139,0.0007036257815932206,0.0005684598066038953
0.08533333333333334,0.0007808319248858577,0.0007050040900279181,0.0005695733430414808
0.08566666666666668,0.0007823555008221894,0.0007063797090726171,0.0005706847067188316
0.08600000000000001,0.000783876115475222,0.000707752654408966,0.0005717939103051633
0.08633333333333335,0.0007853937860451334,0.0007091229415668059,0.0005729009663470463
0.08666666666666668,0.0007869085295662347,0.0007104905859262189,0.0005740058872700609
0.08700000000000001,0.0007884203629092025,0.0007118556027195432,0.0005751086853804246
0.08733333333333335,0.0007899293027832703,0.0007132180070333518,0.0005762093728665914
0.08766666666666668,0.0007914353657383833,0.0007145778138103985,0.0005773079618008233
0.08800000000000001,0.0007929385681673162,0.0007159350378515293,0.0005784044641407353
0.08833333333333335,0.000794438926307755,0.0007172896938175628,0.0005794988917308139
0.08866666666666667,0.0007959364562443433,0.0007186417962311372,0.0005805912563039094
0.08900000000000001,0.0007974311739106946,0.000719991359478527,0.0005816815694827043
0.08933333333333335,0.0007989230950913696,0.0007213383978114293,0.0005827698427811553
0.08966666666666667,0.0008004122354238211,0.0007226829253487189,0.0005838560876059124
0.09000000000000001,0.000801898610400307,0.0007240249560781757,0.0005849403152577134
0.09033333333333335,0.00080338223536977,0.000725364503858182,0.0005860225369327561
0.09066666666666667,0.0008048631255396866,0.0007267015824193922,0.0005871027637240467
0.09100000000000001,0.000806341295977887,0.0007280362053663752,0.0005881810066227269
0.09133333333333335,0.0008078167616143424,0.0007293683861792292,0.000589257276519378
0.09166666666666667,0.0008092895372429253,0.0007306981382151698,0.0005903315842053048
0.09200000000000001,0.0008107596375231399,0.0007320254747100935,0.0005914039403737984
0.09233333333333335,0.0008122270769818243,0.0007333504087801137,0.0005924743556213768
0.09266666666666667,0.0008136918700148252,0.0007346729534230739,0.0005935428404490076
0.09300000000000001,0.0008151540308886464,0.0007359931215200346,0.0005946094052633093
0.09333333333333335,0.0008166135737420688,0.0007373109258367372,0.0005956740603777344
0.09366666666666668,0.0008180705125877464,0.0007386263790250446,0.0005967368160137323
0.09400000000000001,0.0008195248613137756,0.0007399394936243579,0.0005977976823018951
0.09433333333333335,0.0008209766336852397,0.000741250282063011,0.0005988566692830829
0.09466666666666668,0.0008224258433457286,0.0007425587566596434,0.0005999137869095343
0.09500000000000001,0.0008238725038188361,0.0007438649296245507,0.0006009690450459561
0.09533333333333334,0.0008253166285096302,0.0007451688130610137,0.0006020224534705983
0.09566666666666668,0.0008267582307061042,0.0007464704189666073,0.0006030740218763109
0.09600000000000002,0.0008281973235806024,0.0007477697592344882,0.0006041237598715842
0.09633333333333334,0.0008296339201912239,0.000749066845654663,0.0006051716769815734
0.09666666666666668,0.0008310680334832058,0.0007503616899152361,0.0006062177826491071
0.09700000000000002,0.0008324996762902842,0.0007516543036036388,0.0006072620862356801
0.09733333333333334,0.0008339288613360332,0.0007529446982078388,0.0006083045970224299
0.09766666666666668,0.0008353556012351852,0.0007542328851175316,0.0006093453242111005
0.09800000000000002,0.0008367799084949297,0.0007555188756253135,0.000610384276924989
0.09833333333333334,0.0008382017955161918,0.0007568026809278361,0.0006114214642098787
0.09866666666666668,0.0008396212745948931,0.0007580843121269444,0.0006124568950349585
0.09900000000000002,0.0008410383579231912,0.000759363780230796,0.0006134905782937279
0.09933333333333334,0.000842453057590702,0.0007606410961549651,0.000614522522804887
0.09966666666666668,0.0008438653855857033,0.0007619162707235285,0.0006155527373132161
0.1,0.0008452753537963192,0.0007631893146701357,0.0006165812304904387
